"NVNumero","nvEstado","fecha_nv","fecha_entrega","ConcAuto","CodProd","nvCant","cant_fact","dif_fact","nvPrecio","DetProd","NomAux","codProc","PROCESO","DescProc","tiempo","CantProd"
13301,A,2024-09-16 00:00:00.000,2024-10-03 00:00:00.000,N,CAJ155004100540D92,10.0,1.0,9.0,9200.0,CAJA 1550*410*540 D92 NO.,BELLTECH AUTOSERVICIOS S.A. ,P004,CALADO,PROCESO CALADO BIPARTIDAS,46.0,710.0
13301,A,2024-09-16 00:00:00.000,2024-10-03 00:00:00.000,N,CAJ155004100540D92,10.0,1.0,9.0,9200.0,CAJA 1550*410*540 D92 NO.,BELLTECH AUTOSERVICIOS S.A. ,P005,PEGADO,PROCESO PEGADO BIPARTIDO,92.0,360.0
13301,A,2024-09-16 00:00:00.000,2024-10-03 00:00:00.000,N,CAJ155004100540D92,10.0,1.0,9.0,9200.0,CAJA 1550*410*540 D92 NO.,BELLTECH AUTOSERVICIOS S.A. ,P018,TROZADO,PROCESO DE TROZADO,45.0,750.0
13301,A,2024-09-16 00:00:00.000,2024-10-03 00:00:00.000,N,CAJ155004100540D92,10.0,1.0,9.0,9200.0,CAJA 1550*410*540 D92 NO.,BELLTECH AUTOSERVICIOS S.A. ,P021,OTRO,PROCESO EMBALADO CAJAS,20.0,1620.0
13301,A,2024-09-16 00:00:00.000,2024-10-03 00:00:00.000,N,CAJ155004100540D92,10.0,1.0,9.0,9200.0,CAJA 1550*410*540 D92 NO.,BELLTECH AUTOSERVICIOS S.A. ,P051,OTRO,PROCESO DE AJUSTE 100,1.0,1.0
13301,A,2024-09-16 00:00:00.000,2024-10-03 00:00:00.000,N,CAJ155004100540D92,10.0,1.0,9.0,9200.0,CAJA 1550*410*540 D92 NO.,BELLTECH AUTOSERVICIOS S.A. ,P058,PLIZADO,PROCESO DE PLIZADO BIPARTIDA,60.0,550.0
13301,A,2024-09-16 00:00:00.000,2024-10-03 00:00:00.000,N,SEP050004000007D92,10.0,1.0,9.0,460.0,SEPARADOR 500*400*7  D92 SEP,BELLTECH AUTOSERVICIOS S.A. ,P018,TROZADO,PROCESO DE TROZADO,45.0,750.0
13301,A,2024-09-16 00:00:00.000,2024-10-03 00:00:00.000,N,SEP050004000007D92,10.0,1.0,9.0,460.0,SEPARADOR 500*400*7  D92 SEP,BELLTECH AUTOSERVICIOS S.A. ,P033,OTRO,PROCESO EMBALADO TROQUELADO,3.0,10800.0
13301,A,2024-09-16 00:00:00.000,2024-10-03 00:00:00.000,N,SEP050004000007D92,10.0,1.0,9.0,460.0,SEPARADOR 500*400*7  D92 SEP,BELLTECH AUTOSERVICIOS S.A. ,P068,OTRO,PROCESO DE DIMENSIONADO ,20.0,1600.0
13301,A,2024-09-16 00:00:00.000,2024-10-03 00:00:00.000,N,SEP020019050003C20,10.0,1.0,9.0,594.0,SUPLE TRIANGULO 200*1905  C20 SEP 3 PLIZ.,BELLTECH AUTOSERVICIOS S.A. ,P001,PLIZADO,PROCESO DE PLIZADO NORMAL ,30.0,1100.0
13301,A,2024-09-16 00:00:00.000,2024-10-03 00:00:00.000,N,SEP020019050003C20,10.0,1.0,9.0,594.0,SUPLE TRIANGULO 200*1905  C20 SEP 3 PLIZ.,BELLTECH AUTOSERVICIOS S.A. ,P018,TROZADO,PROCESO DE TROZADO,45.0,750.0
13301,A,2024-09-16 00:00:00.000,2024-10-03 00:00:00.000,N,SEP020019050003C20,10.0,1.0,9.0,594.0,SUPLE TRIANGULO 200*1905  C20 SEP 3 PLIZ.,BELLTECH AUTOSERVICIOS S.A. ,P033,OTRO,PROCESO EMBALADO TROQUELADO,3.0,10800.0
13301,A,2024-09-16 00:00:00.000,2024-10-03 00:00:00.000,N,SEP020019050003C20,10.0,1.0,9.0,594.0,SUPLE TRIANGULO 200*1905  C20 SEP 3 PLIZ.,BELLTECH AUTOSERVICIOS S.A. ,P068,OTRO,PROCESO DE DIMENSIONADO ,20.0,1600.0
13301,A,2024-09-16 00:00:00.000,2024-10-03 00:00:00.000,N,CUB14500500007010C,20.0,2.0,18.0,4074.0,CUBIERTA LATERAL 1450*500*70 10C C1,BELLTECH AUTOSERVICIOS S.A. ,P017,EMPLACADO,PROCESO DE EMPLACADO C1,54.0,600.0
13301,A,2024-09-16 00:00:00.000,2024-10-03 00:00:00.000,N,CUB14500500007010C,20.0,2.0,18.0,4074.0,CUBIERTA LATERAL 1450*500*70 10C C1,BELLTECH AUTOSERVICIOS S.A. ,P018,TROZADO,PROCESO DE TROZADO,45.0,750.0
13301,A,2024-09-16 00:00:00.000,2024-10-03 00:00:00.000,N,CUB14500500007010C,20.0,2.0,18.0,4074.0,CUBIERTA LATERAL 1450*500*70 10C C1,BELLTECH AUTOSERVICIOS S.A. ,P040,OTRO,PROCESO DE EMBALADO CUBIERTA,15.0,2160.0
13301,A,2024-09-16 00:00:00.000,2024-10-03 00:00:00.000,N,CUB14500500007010C,20.0,2.0,18.0,4074.0,CUBIERTA LATERAL 1450*500*70 10C C1,BELLTECH AUTOSERVICIOS S.A. ,P043,OTRO,PROCESO PRENSADO MANUAL,5.0,6500.0
13301,A,2024-09-16 00:00:00.000,2024-10-03 00:00:00.000,N,CUB14500500007010C,20.0,2.0,18.0,4074.0,CUBIERTA LATERAL 1450*500*70 10C C1,BELLTECH AUTOSERVICIOS S.A. ,P068,OTRO,PROCESO DE DIMENSIONADO ,20.0,1600.0
13301,A,2024-09-16 00:00:00.000,2024-10-03 00:00:00.000,N,CUB15300400003010C,10.0,1.0,9.0,1630.0,CUBIERTA BASE 1530*400*30 10C C1,BELLTECH AUTOSERVICIOS S.A. ,P017,EMPLACADO,PROCESO DE EMPLACADO C1,54.0,600.0
13301,A,2024-09-16 00:00:00.000,2024-10-03 00:00:00.000,N,CUB15300400003010C,10.0,1.0,9.0,1630.0,CUBIERTA BASE 1530*400*30 10C C1,BELLTECH AUTOSERVICIOS S.A. ,P018,TROZADO,PROCESO DE TROZADO,45.0,750.0
13301,A,2024-09-16 00:00:00.000,2024-10-03 00:00:00.000,N,CUB15300400003010C,10.0,1.0,9.0,1630.0,CUBIERTA BASE 1530*400*30 10C C1,BELLTECH AUTOSERVICIOS S.A. ,P040,OTRO,PROCESO DE EMBALADO CUBIERTA,15.0,2160.0
13301,A,2024-09-16 00:00:00.000,2024-10-03 00:00:00.000,N,CUB15300400003010C,10.0,1.0,9.0,1630.0,CUBIERTA BASE 1530*400*30 10C C1,BELLTECH AUTOSERVICIOS S.A. ,P043,OTRO,PROCESO PRENSADO MANUAL,5.0,6500.0
13301,A,2024-09-16 00:00:00.000,2024-10-03 00:00:00.000,N,CUB15300400003010C,10.0,1.0,9.0,1630.0,CUBIERTA BASE 1530*400*30 10C C1,BELLTECH AUTOSERVICIOS S.A. ,P068,OTRO,PROCESO DE DIMENSIONADO ,20.0,1600.0
13301,A,2024-09-16 00:00:00.000,2024-10-03 00:00:00.000,N,CUB05000400003010C,10.0,1.0,9.0,601.0,CUBIERTA CABEZAL 500*400*30 10C C1,BELLTECH AUTOSERVICIOS S.A. ,P017,EMPLACADO,PROCESO DE EMPLACADO C1,54.0,600.0
13301,A,2024-09-16 00:00:00.000,2024-10-03 00:00:00.000,N,CUB05000400003010C,10.0,1.0,9.0,601.0,CUBIERTA CABEZAL 500*400*30 10C C1,BELLTECH AUTOSERVICIOS S.A. ,P018,TROZADO,PROCESO DE TROZADO,45.0,750.0
13301,A,2024-09-16 00:00:00.000,2024-10-03 00:00:00.000,N,CUB05000400003010C,10.0,1.0,9.0,601.0,CUBIERTA CABEZAL 500*400*30 10C C1,BELLTECH AUTOSERVICIOS S.A. ,P040,OTRO,PROCESO DE EMBALADO CUBIERTA,15.0,2160.0
13301,A,2024-09-16 00:00:00.000,2024-10-03 00:00:00.000,N,CUB05000400003010C,10.0,1.0,9.0,601.0,CUBIERTA CABEZAL 500*400*30 10C C1,BELLTECH AUTOSERVICIOS S.A. ,P043,OTRO,PROCESO PRENSADO MANUAL,5.0,6500.0
13301,A,2024-09-16 00:00:00.000,2024-10-03 00:00:00.000,N,CUB05000400003010C,10.0,1.0,9.0,601.0,CUBIERTA CABEZAL 500*400*30 10C C1,BELLTECH AUTOSERVICIOS S.A. ,P068,OTRO,PROCESO DE DIMENSIONADO ,20.0,1600.0
13301,A,2024-09-16 00:00:00.000,2024-10-03 00:00:00.000,N,CUB08000200010010C,20.0,2.0,18.0,1269.0,CUBIERTA SUPLE 800*200*100 10C C1,BELLTECH AUTOSERVICIOS S.A. ,P017,EMPLACADO,PROCESO DE EMPLACADO C1,54.0,600.0
13301,A,2024-09-16 00:00:00.000,2024-10-03 00:00:00.000,N,CUB08000200010010C,20.0,2.0,18.0,1269.0,CUBIERTA SUPLE 800*200*100 10C C1,BELLTECH AUTOSERVICIOS S.A. ,P018,TROZADO,PROCESO DE TROZADO,45.0,750.0
13301,A,2024-09-16 00:00:00.000,2024-10-03 00:00:00.000,N,CUB08000200010010C,20.0,2.0,18.0,1269.0,CUBIERTA SUPLE 800*200*100 10C C1,BELLTECH AUTOSERVICIOS S.A. ,P040,OTRO,PROCESO DE EMBALADO CUBIERTA,15.0,2160.0
13301,A,2024-09-16 00:00:00.000,2024-10-03 00:00:00.000,N,CUB08000200010010C,20.0,2.0,18.0,1269.0,CUBIERTA SUPLE 800*200*100 10C C1,BELLTECH AUTOSERVICIOS S.A. ,P043,OTRO,PROCESO PRENSADO MANUAL,5.0,6500.0
13301,A,2024-09-16 00:00:00.000,2024-10-03 00:00:00.000,N,CUB08000200010010C,20.0,2.0,18.0,1269.0,CUBIERTA SUPLE 800*200*100 10C C1,BELLTECH AUTOSERVICIOS S.A. ,P068,OTRO,PROCESO DE DIMENSIONADO ,20.0,1600.0
13301,A,2024-09-16 00:00:00.000,2024-10-03 00:00:00.000,N,CUB15000260010010C,10.0,1.0,9.0,973.0,CUBIERTA SUPERIOR 1500*260*100 10C C1,BELLTECH AUTOSERVICIOS S.A. ,P017,EMPLACADO,PROCESO DE EMPLACADO C1,54.0,600.0
13301,A,2024-09-16 00:00:00.000,2024-10-03 00:00:00.000,N,CUB15000260010010C,10.0,1.0,9.0,973.0,CUBIERTA SUPERIOR 1500*260*100 10C C1,BELLTECH AUTOSERVICIOS S.A. ,P018,TROZADO,PROCESO DE TROZADO,45.0,750.0
13301,A,2024-09-16 00:00:00.000,2024-10-03 00:00:00.000,N,CUB15000260010010C,10.0,1.0,9.0,973.0,CUBIERTA SUPERIOR 1500*260*100 10C C1,BELLTECH AUTOSERVICIOS S.A. ,P040,OTRO,PROCESO DE EMBALADO CUBIERTA,15.0,2160.0
13301,A,2024-09-16 00:00:00.000,2024-10-03 00:00:00.000,N,CUB15000260010010C,10.0,1.0,9.0,973.0,CUBIERTA SUPERIOR 1500*260*100 10C C1,BELLTECH AUTOSERVICIOS S.A. ,P043,OTRO,PROCESO PRENSADO MANUAL,5.0,6500.0
13301,A,2024-09-16 00:00:00.000,2024-10-03 00:00:00.000,N,CUB15000260010010C,10.0,1.0,9.0,973.0,CUBIERTA SUPERIOR 1500*260*100 10C C1,BELLTECH AUTOSERVICIOS S.A. ,P064,OTRO,PROCESO DE DIMENSIONADO GRANDE,40.0,850.0
13302,A,2024-09-16 00:00:00.000,2024-10-03 00:00:00.000,N,CAJ155004100540D92,10.0,2.0,8.0,9200.0,CAJA 1550*410*540 D92 NO.,BELLTECH AUTOSERVICIOS S.A. ,P004,CALADO,PROCESO CALADO BIPARTIDAS,46.0,710.0
13302,A,2024-09-16 00:00:00.000,2024-10-03 00:00:00.000,N,CAJ155004100540D92,10.0,2.0,8.0,9200.0,CAJA 1550*410*540 D92 NO.,BELLTECH AUTOSERVICIOS S.A. ,P005,PEGADO,PROCESO PEGADO BIPARTIDO,92.0,360.0
13302,A,2024-09-16 00:00:00.000,2024-10-03 00:00:00.000,N,CAJ155004100540D92,10.0,2.0,8.0,9200.0,CAJA 1550*410*540 D92 NO.,BELLTECH AUTOSERVICIOS S.A. ,P018,TROZADO,PROCESO DE TROZADO,45.0,750.0
13302,A,2024-09-16 00:00:00.000,2024-10-03 00:00:00.000,N,CAJ155004100540D92,10.0,2.0,8.0,9200.0,CAJA 1550*410*540 D92 NO.,BELLTECH AUTOSERVICIOS S.A. ,P021,OTRO,PROCESO EMBALADO CAJAS,20.0,1620.0
13302,A,2024-09-16 00:00:00.000,2024-10-03 00:00:00.000,N,CAJ155004100540D92,10.0,2.0,8.0,9200.0,CAJA 1550*410*540 D92 NO.,BELLTECH AUTOSERVICIOS S.A. ,P051,OTRO,PROCESO DE AJUSTE 100,1.0,1.0
13302,A,2024-09-16 00:00:00.000,2024-10-03 00:00:00.000,N,CAJ155004100540D92,10.0,2.0,8.0,9200.0,CAJA 1550*410*540 D92 NO.,BELLTECH AUTOSERVICIOS S.A. ,P058,PLIZADO,PROCESO DE PLIZADO BIPARTIDA,60.0,550.0
13302,A,2024-09-16 00:00:00.000,2024-10-03 00:00:00.000,N,CUB14500500007010C,20.0,4.0,16.0,4074.0,CUBIERTA LATERAL 1450*500*70 10C C1,BELLTECH AUTOSERVICIOS S.A. ,P017,EMPLACADO,PROCESO DE EMPLACADO C1,54.0,600.0
13302,A,2024-09-16 00:00:00.000,2024-10-03 00:00:00.000,N,CUB14500500007010C,20.0,4.0,16.0,4074.0,CUBIERTA LATERAL 1450*500*70 10C C1,BELLTECH AUTOSERVICIOS S.A. ,P018,TROZADO,PROCESO DE TROZADO,45.0,750.0
13302,A,2024-09-16 00:00:00.000,2024-10-03 00:00:00.000,N,CUB14500500007010C,20.0,4.0,16.0,4074.0,CUBIERTA LATERAL 1450*500*70 10C C1,BELLTECH AUTOSERVICIOS S.A. ,P040,OTRO,PROCESO DE EMBALADO CUBIERTA,15.0,2160.0
13302,A,2024-09-16 00:00:00.000,2024-10-03 00:00:00.000,N,CUB14500500007010C,20.0,4.0,16.0,4074.0,CUBIERTA LATERAL 1450*500*70 10C C1,BELLTECH AUTOSERVICIOS S.A. ,P043,OTRO,PROCESO PRENSADO MANUAL,5.0,6500.0
13302,A,2024-09-16 00:00:00.000,2024-10-03 00:00:00.000,N,CUB14500500007010C,20.0,4.0,16.0,4074.0,CUBIERTA LATERAL 1450*500*70 10C C1,BELLTECH AUTOSERVICIOS S.A. ,P068,OTRO,PROCESO DE DIMENSIONADO ,20.0,1600.0
13302,A,2024-09-16 00:00:00.000,2024-10-03 00:00:00.000,N,CUB15300400003010C,10.0,2.0,8.0,1630.0,CUBIERTA BASE 1530*400*30 10C C1,BELLTECH AUTOSERVICIOS S.A. ,P017,EMPLACADO,PROCESO DE EMPLACADO C1,54.0,600.0
13302,A,2024-09-16 00:00:00.000,2024-10-03 00:00:00.000,N,CUB15300400003010C,10.0,2.0,8.0,1630.0,CUBIERTA BASE 1530*400*30 10C C1,BELLTECH AUTOSERVICIOS S.A. ,P018,TROZADO,PROCESO DE TROZADO,45.0,750.0
13302,A,2024-09-16 00:00:00.000,2024-10-03 00:00:00.000,N,CUB15300400003010C,10.0,2.0,8.0,1630.0,CUBIERTA BASE 1530*400*30 10C C1,BELLTECH AUTOSERVICIOS S.A. ,P040,OTRO,PROCESO DE EMBALADO CUBIERTA,15.0,2160.0
13302,A,2024-09-16 00:00:00.000,2024-10-03 00:00:00.000,N,CUB15300400003010C,10.0,2.0,8.0,1630.0,CUBIERTA BASE 1530*400*30 10C C1,BELLTECH AUTOSERVICIOS S.A. ,P043,OTRO,PROCESO PRENSADO MANUAL,5.0,6500.0
13302,A,2024-09-16 00:00:00.000,2024-10-03 00:00:00.000,N,CUB15300400003010C,10.0,2.0,8.0,1630.0,CUBIERTA BASE 1530*400*30 10C C1,BELLTECH AUTOSERVICIOS S.A. ,P068,OTRO,PROCESO DE DIMENSIONADO ,20.0,1600.0
13302,A,2024-09-16 00:00:00.000,2024-10-03 00:00:00.000,N,CUB05000400003010C,10.0,2.0,8.0,601.0,CUBIERTA CABEZAL 500*400*30 10C C1,BELLTECH AUTOSERVICIOS S.A. ,P017,EMPLACADO,PROCESO DE EMPLACADO C1,54.0,600.0
13302,A,2024-09-16 00:00:00.000,2024-10-03 00:00:00.000,N,CUB05000400003010C,10.0,2.0,8.0,601.0,CUBIERTA CABEZAL 500*400*30 10C C1,BELLTECH AUTOSERVICIOS S.A. ,P018,TROZADO,PROCESO DE TROZADO,45.0,750.0
13302,A,2024-09-16 00:00:00.000,2024-10-03 00:00:00.000,N,CUB05000400003010C,10.0,2.0,8.0,601.0,CUBIERTA CABEZAL 500*400*30 10C C1,BELLTECH AUTOSERVICIOS S.A. ,P040,OTRO,PROCESO DE EMBALADO CUBIERTA,15.0,2160.0
13302,A,2024-09-16 00:00:00.000,2024-10-03 00:00:00.000,N,CUB05000400003010C,10.0,2.0,8.0,601.0,CUBIERTA CABEZAL 500*400*30 10C C1,BELLTECH AUTOSERVICIOS S.A. ,P043,OTRO,PROCESO PRENSADO MANUAL,5.0,6500.0
13302,A,2024-09-16 00:00:00.000,2024-10-03 00:00:00.000,N,CUB05000400003010C,10.0,2.0,8.0,601.0,CUBIERTA CABEZAL 500*400*30 10C C1,BELLTECH AUTOSERVICIOS S.A. ,P068,OTRO,PROCESO DE DIMENSIONADO ,20.0,1600.0
13302,A,2024-09-16 00:00:00.000,2024-10-03 00:00:00.000,N,CUB08000200010010C,20.0,4.0,16.0,1269.0,CUBIERTA SUPLE 800*200*100 10C C1,BELLTECH AUTOSERVICIOS S.A. ,P017,EMPLACADO,PROCESO DE EMPLACADO C1,54.0,600.0
13302,A,2024-09-16 00:00:00.000,2024-10-03 00:00:00.000,N,CUB08000200010010C,20.0,4.0,16.0,1269.0,CUBIERTA SUPLE 800*200*100 10C C1,BELLTECH AUTOSERVICIOS S.A. ,P018,TROZADO,PROCESO DE TROZADO,45.0,750.0
13302,A,2024-09-16 00:00:00.000,2024-10-03 00:00:00.000,N,CUB08000200010010C,20.0,4.0,16.0,1269.0,CUBIERTA SUPLE 800*200*100 10C C1,BELLTECH AUTOSERVICIOS S.A. ,P040,OTRO,PROCESO DE EMBALADO CUBIERTA,15.0,2160.0
13302,A,2024-09-16 00:00:00.000,2024-10-03 00:00:00.000,N,CUB08000200010010C,20.0,4.0,16.0,1269.0,CUBIERTA SUPLE 800*200*100 10C C1,BELLTECH AUTOSERVICIOS S.A. ,P043,OTRO,PROCESO PRENSADO MANUAL,5.0,6500.0
13302,A,2024-09-16 00:00:00.000,2024-10-03 00:00:00.000,N,CUB08000200010010C,20.0,4.0,16.0,1269.0,CUBIERTA SUPLE 800*200*100 10C C1,BELLTECH AUTOSERVICIOS S.A. ,P068,OTRO,PROCESO DE DIMENSIONADO ,20.0,1600.0
13302,A,2024-09-16 00:00:00.000,2024-10-03 00:00:00.000,N,CUB15000260010010C,10.0,2.0,8.0,973.0,CUBIERTA SUPERIOR 1500*260*100 10C C1,BELLTECH AUTOSERVICIOS S.A. ,P017,EMPLACADO,PROCESO DE EMPLACADO C1,54.0,600.0
13302,A,2024-09-16 00:00:00.000,2024-10-03 00:00:00.000,N,CUB15000260010010C,10.0,2.0,8.0,973.0,CUBIERTA SUPERIOR 1500*260*100 10C C1,BELLTECH AUTOSERVICIOS S.A. ,P018,TROZADO,PROCESO DE TROZADO,45.0,750.0
13302,A,2024-09-16 00:00:00.000,2024-10-03 00:00:00.000,N,CUB15000260010010C,10.0,2.0,8.0,973.0,CUBIERTA SUPERIOR 1500*260*100 10C C1,BELLTECH AUTOSERVICIOS S.A. ,P040,OTRO,PROCESO DE EMBALADO CUBIERTA,15.0,2160.0
13302,A,2024-09-16 00:00:00.000,2024-10-03 00:00:00.000,N,CUB15000260010010C,10.0,2.0,8.0,973.0,CUBIERTA SUPERIOR 1500*260*100 10C C1,BELLTECH AUTOSERVICIOS S.A. ,P043,OTRO,PROCESO PRENSADO MANUAL,5.0,6500.0
13302,A,2024-09-16 00:00:00.000,2024-10-03 00:00:00.000,N,CUB15000260010010C,10.0,2.0,8.0,973.0,CUBIERTA SUPERIOR 1500*260*100 10C C1,BELLTECH AUTOSERVICIOS S.A. ,P064,OTRO,PROCESO DE DIMENSIONADO GRANDE,40.0,850.0
13302,A,2024-09-16 00:00:00.000,2024-10-03 00:00:00.000,N,SEP050004000007D92,10.0,2.0,8.0,460.0,SEPARADOR 500*400*7  D92 SEP,BELLTECH AUTOSERVICIOS S.A. ,P018,TROZADO,PROCESO DE TROZADO,45.0,750.0
13302,A,2024-09-16 00:00:00.000,2024-10-03 00:00:00.000,N,SEP050004000007D92,10.0,2.0,8.0,460.0,SEPARADOR 500*400*7  D92 SEP,BELLTECH AUTOSERVICIOS S.A. ,P033,OTRO,PROCESO EMBALADO TROQUELADO,3.0,10800.0
13302,A,2024-09-16 00:00:00.000,2024-10-03 00:00:00.000,N,SEP050004000007D92,10.0,2.0,8.0,460.0,SEPARADOR 500*400*7  D92 SEP,BELLTECH AUTOSERVICIOS S.A. ,P068,OTRO,PROCESO DE DIMENSIONADO ,20.0,1600.0
13302,A,2024-09-16 00:00:00.000,2024-10-03 00:00:00.000,N,SEP020019050003C20,10.0,2.0,8.0,594.0,SUPLE TRIANGULO 200*1905  C20 SEP 3 PLIZ.,BELLTECH AUTOSERVICIOS S.A. ,P001,PLIZADO,PROCESO DE PLIZADO NORMAL ,30.0,1100.0
13302,A,2024-09-16 00:00:00.000,2024-10-03 00:00:00.000,N,SEP020019050003C20,10.0,2.0,8.0,594.0,SUPLE TRIANGULO 200*1905  C20 SEP 3 PLIZ.,BELLTECH AUTOSERVICIOS S.A. ,P018,TROZADO,PROCESO DE TROZADO,45.0,750.0
13302,A,2024-09-16 00:00:00.000,2024-10-03 00:00:00.000,N,SEP020019050003C20,10.0,2.0,8.0,594.0,SUPLE TRIANGULO 200*1905  C20 SEP 3 PLIZ.,BELLTECH AUTOSERVICIOS S.A. ,P033,OTRO,PROCESO EMBALADO TROQUELADO,3.0,10800.0
13302,A,2024-09-16 00:00:00.000,2024-10-03 00:00:00.000,N,SEP020019050003C20,10.0,2.0,8.0,594.0,SUPLE TRIANGULO 200*1905  C20 SEP 3 PLIZ.,BELLTECH AUTOSERVICIOS S.A. ,P068,OTRO,PROCESO DE DIMENSIONADO ,20.0,1600.0
13478,A,2024-12-23 00:00:00.000,2025-01-17 00:00:00.000,N,REL1100002137.509B,300.0,0.0,300.0,1021.0,RELLENO 110C21 37.5 09B CELDA 291,SAMUEL DAVID CUETO OLGUIN ,P009,ENCOLADO,PROCESO DE ENCOLADO 21,6.0,5400.0
13478,A,2024-12-23 00:00:00.000,2025-01-17 00:00:00.000,N,REL1100002137.509B,300.0,0.0,300.0,1021.0,RELLENO 110C21 37.5 09B CELDA 291,SAMUEL DAVID CUETO OLGUIN ,P011,MULTIPLE,PROCESO MULTIPLE ,10.0,3250.0
13478,A,2024-12-23 00:00:00.000,2025-01-17 00:00:00.000,N,REL1100002137.509B,300.0,0.0,300.0,1021.0,RELLENO 110C21 37.5 09B CELDA 291,SAMUEL DAVID CUETO OLGUIN ,P022,OTRO,PROCESO EMBALADO RELLENO,6.0,5400.0
13623,A,2025-03-14 00:00:00.000,2025-03-14 00:00:00.000,N,CAJ195005000720C20,4.0,,4.0,12689.0,CAJA 1950*500*720 C20 TR.,ROSSELOT Y FIGUERIOA LTDA ,P004,CALADO,PROCESO CALADO BIPARTIDAS,46.0,710.0
13623,A,2025-03-14 00:00:00.000,2025-03-14 00:00:00.000,N,CAJ195005000720C20,4.0,,4.0,12689.0,CAJA 1950*500*720 C20 TR.,ROSSELOT Y FIGUERIOA LTDA ,P005,PEGADO,PROCESO PEGADO BIPARTIDO,92.0,360.0
13623,A,2025-03-14 00:00:00.000,2025-03-14 00:00:00.000,N,CAJ195005000720C20,4.0,,4.0,12689.0,CAJA 1950*500*720 C20 TR.,ROSSELOT Y FIGUERIOA LTDA ,P018,TROZADO,PROCESO DE TROZADO,45.0,750.0
13623,A,2025-03-14 00:00:00.000,2025-03-14 00:00:00.000,N,CAJ195005000720C20,4.0,,4.0,12689.0,CAJA 1950*500*720 C20 TR.,ROSSELOT Y FIGUERIOA LTDA ,P021,OTRO,PROCESO EMBALADO CAJAS,20.0,1620.0
13623,A,2025-03-14 00:00:00.000,2025-03-14 00:00:00.000,N,CAJ195005000720C20,4.0,,4.0,12689.0,CAJA 1950*500*720 C20 TR.,ROSSELOT Y FIGUERIOA LTDA ,P058,PLIZADO,PROCESO DE PLIZADO BIPARTIDA,60.0,550.0
13623,A,2025-03-14 00:00:00.000,2025-03-14 00:00:00.000,N,CAJ060006000600C20,2.0,,2.0,4217.0,CAJA 600*600*600 C20 NO,ROSSELOT Y FIGUERIOA LTDA ,P001,PLIZADO,PROCESO DE PLIZADO NORMAL ,30.0,1100.0
13623,A,2025-03-14 00:00:00.000,2025-03-14 00:00:00.000,N,CAJ060006000600C20,2.0,,2.0,4217.0,CAJA 600*600*600 C20 NO,ROSSELOT Y FIGUERIOA LTDA ,P003,CALADO,PROCESO CALADO NORMAL,30.0,1080.0
13623,A,2025-03-14 00:00:00.000,2025-03-14 00:00:00.000,N,CAJ060006000600C20,2.0,,2.0,4217.0,CAJA 600*600*600 C20 NO,ROSSELOT Y FIGUERIOA LTDA ,P006,PEGADO,PROCESO PEGADO NORMAL,60.0,540.0
13623,A,2025-03-14 00:00:00.000,2025-03-14 00:00:00.000,N,CAJ060006000600C20,2.0,,2.0,4217.0,CAJA 600*600*600 C20 NO,ROSSELOT Y FIGUERIOA LTDA ,P021,OTRO,PROCESO EMBALADO CAJAS,20.0,1620.0
13623,A,2025-03-14 00:00:00.000,2025-03-14 00:00:00.000,N,CAJ060006000600C20,2.0,,2.0,4217.0,CAJA 600*600*600 C20 NO,ROSSELOT Y FIGUERIOA LTDA ,P095,TROZADO,PROCESO TROZADO MEDIANO,25.0,50000.0
13670,A,2025-03-27 00:00:00.000,2025-09-26 00:00:00.000,N,EMP093009301025D99,60.0,,60.0,0.0,BIN 465*465*465*1025 D99 O3 OCTO1000.,CRISTIAN MULLER DOMINGUEZ ,P018,TROZADO,PROCESO DE TROZADO,45.0,750.0
13670,A,2025-03-27 00:00:00.000,2025-09-26 00:00:00.000,N,EMP093009301025D99,60.0,,60.0,0.0,BIN 465*465*465*1025 D99 O3 OCTO1000.,CRISTIAN MULLER DOMINGUEZ ,P020,OTRO,PROCESO EMBALADO BIN,30.0,1080.0
13670,A,2025-03-27 00:00:00.000,2025-09-26 00:00:00.000,N,EMP093009301025D99,60.0,,60.0,0.0,BIN 465*465*465*1025 D99 O3 OCTO1000.,CRISTIAN MULLER DOMINGUEZ ,P024,OTRO,PROCESO DE PRENSADO,60.0,1520.0
13670,A,2025-03-27 00:00:00.000,2025-09-26 00:00:00.000,N,EMP093009301025D99,60.0,,60.0,0.0,BIN 465*465*465*1025 D99 O3 OCTO1000.,CRISTIAN MULLER DOMINGUEZ ,P025,OTRO,PROCESO DE DOBLADO,90.0,360.0
13670,A,2025-03-27 00:00:00.000,2025-09-26 00:00:00.000,N,EMP093009301025D99,60.0,,60.0,0.0,BIN 465*465*465*1025 D99 O3 OCTO1000.,CRISTIAN MULLER DOMINGUEZ ,P026,EMPLACADO,PROCESO DE EMPLACADO E3,73.0,450.0
13670,A,2025-03-27 00:00:00.000,2025-09-26 00:00:00.000,N,EMP093009301025D99,60.0,,60.0,0.0,BIN 465*465*465*1025 D99 O3 OCTO1000.,CRISTIAN MULLER DOMINGUEZ ,P027,PEGADO,PROCESO DE PEGADO BIN,45.0,720.0
13670,A,2025-03-27 00:00:00.000,2025-09-26 00:00:00.000,N,EMP093009301025D99,60.0,,60.0,0.0,BIN 465*465*465*1025 D99 O3 OCTO1000.,CRISTIAN MULLER DOMINGUEZ ,P038,IMPRESION,PROCESO IMPRESION 4,240.0,150.0
13670,A,2025-03-27 00:00:00.000,2025-09-26 00:00:00.000,N,EMP093009301025D99,60.0,,60.0,0.0,BIN 465*465*465*1025 D99 O3 OCTO1000.,CRISTIAN MULLER DOMINGUEZ ,P064,OTRO,PROCESO DE DIMENSIONADO GRANDE,40.0,850.0
13723,A,2025-04-22 00:00:00.000,2025-04-30 00:00:00.000,N,CAJ076506420235C20,1000.0,0.0,1000.0,1980.0,TAPA 765*642*235 C20 FO.,SOCIEDAD MULLER SA ,P001,PLIZADO,PROCESO DE PLIZADO NORMAL ,30.0,1100.0
13723,A,2025-04-22 00:00:00.000,2025-04-30 00:00:00.000,N,CAJ076506420235C20,1000.0,0.0,1000.0,1980.0,TAPA 765*642*235 C20 FO.,SOCIEDAD MULLER SA ,P003,CALADO,PROCESO CALADO NORMAL,30.0,1080.0
13723,A,2025-04-22 00:00:00.000,2025-04-30 00:00:00.000,N,CAJ076506420235C20,1000.0,0.0,1000.0,1980.0,TAPA 765*642*235 C20 FO.,SOCIEDAD MULLER SA ,P004,CALADO,PROCESO CALADO BIPARTIDAS,46.0,710.0
13723,A,2025-04-22 00:00:00.000,2025-04-30 00:00:00.000,N,CAJ076506420235C20,1000.0,0.0,1000.0,1980.0,TAPA 765*642*235 C20 FO.,SOCIEDAD MULLER SA ,P021,OTRO,PROCESO EMBALADO CAJAS,20.0,1620.0
13740,A,2025-05-05 00:00:00.000,2025-05-07 00:00:00.000,N,TRO047004700201C32,60.0,,60.0,5234.0,TAPA 470*470*200 C32 TRO OCTO,AGROINDUSTRIAS GONZALEZ SAC ,,OTRO,,,
13740,A,2025-05-05 00:00:00.000,2025-05-07 00:00:00.000,N,TRO141513150120C30,30.0,,30.0,5142.0,FONDO 445*445*120 C30 TRO OCTO1000,AGROINDUSTRIAS GONZALEZ SAC ,P018,TROZADO,PROCESO DE TROZADO,45.0,750.0
13740,A,2025-05-05 00:00:00.000,2025-05-07 00:00:00.000,N,TRO141513150120C30,30.0,,30.0,5142.0,FONDO 445*445*120 C30 TRO OCTO1000,AGROINDUSTRIAS GONZALEZ SAC ,P020,OTRO,PROCESO EMBALADO BIN,30.0,1080.0
13740,A,2025-05-05 00:00:00.000,2025-05-07 00:00:00.000,N,TRO141513150120C30,30.0,,30.0,5142.0,FONDO 445*445*120 C30 TRO OCTO1000,AGROINDUSTRIAS GONZALEZ SAC ,P023,TROQUELADO,PROCESO TROQUELADO GRANDE,39.0,830.0
13740,A,2025-05-05 00:00:00.000,2025-05-07 00:00:00.000,N,TER215021500006BOL,30.0,,30.0,17010.0,BOLSA CON 2 VALVULAS DE 2 PULG.,AGROINDUSTRIAS GONZALEZ SAC ,,OTRO,,,
13740,A,2025-05-05 00:00:00.000,2025-05-07 00:00:00.000,N,TER023002300050TUB,30.0,,30.0,2474.0,FUNDA 230*230*50 POLIETILENO,AGROINDUSTRIAS GONZALEZ SAC ,,OTRO,,,
13968,A,2025-08-14 00:00:00.000,2025-08-19 00:00:00.000,N,SEP120012000003C20,300.0,0.0,300.0,1588.0,SEPARADOR 1200*1200 C20 SEP,SEPARADORES CHILE SPA ,P018,TROZADO,PROCESO DE TROZADO,45.0,750.0
13968,A,2025-08-14 00:00:00.000,2025-08-19 00:00:00.000,N,SEP120012000003C20,300.0,0.0,300.0,1588.0,SEPARADOR 1200*1200 C20 SEP,SEPARADORES CHILE SPA ,P033,OTRO,PROCESO EMBALADO TROQUELADO,3.0,10800.0
13968,A,2025-08-14 00:00:00.000,2025-08-19 00:00:00.000,N,SEP120012000003C20,300.0,0.0,300.0,1588.0,SEPARADOR 1200*1200 C20 SEP,SEPARADORES CHILE SPA ,P068,OTRO,PROCESO DE DIMENSIONADO ,20.0,1600.0
13998,A,2025-08-28 00:00:00.000,2025-09-25 00:00:00.000,N,REL0950001837.509B,1000.0,0.0,1000.0,664.0,"RELLENO 95C18 37,5 09B CELDA 287.",COMERCIAL MARVIC LTDA ,P011,MULTIPLE,PROCESO MULTIPLE ,10.0,3250.0
13998,A,2025-08-28 00:00:00.000,2025-09-25 00:00:00.000,N,REL0950001837.509B,1000.0,0.0,1000.0,664.0,"RELLENO 95C18 37,5 09B CELDA 287.",COMERCIAL MARVIC LTDA ,P022,OTRO,PROCESO EMBALADO RELLENO,6.0,5400.0
13998,A,2025-08-28 00:00:00.000,2025-09-25 00:00:00.000,N,REL0950001837.509B,1000.0,0.0,1000.0,664.0,"RELLENO 95C18 37,5 09B CELDA 287.",COMERCIAL MARVIC LTDA ,P082,ENCOLADO,PROCESO DE ENCOLADO 18,5.0,6400.0
14002,A,2025-09-02 00:00:00.000,2025-09-26 00:00:00.000,N,REL11000020003809B,3000.0,0.0,3000.0,839.0,RELLENO 110C20 A 38.0 09B CELDA 291,PUERTAS DEL BOSQUE SPA ,P011,MULTIPLE,PROCESO MULTIPLE ,10.0,3250.0
14002,A,2025-09-02 00:00:00.000,2025-09-26 00:00:00.000,N,REL11000020003809B,3000.0,0.0,3000.0,839.0,RELLENO 110C20 A 38.0 09B CELDA 291,PUERTAS DEL BOSQUE SPA ,P022,OTRO,PROCESO EMBALADO RELLENO,6.0,5400.0
14002,A,2025-09-02 00:00:00.000,2025-09-26 00:00:00.000,N,REL11000020003809B,3000.0,0.0,3000.0,839.0,RELLENO 110C20 A 38.0 09B CELDA 291,PUERTAS DEL BOSQUE SPA ,P024,OTRO,PROCESO DE PRENSADO,60.0,1520.0
14002,A,2025-09-02 00:00:00.000,2025-09-26 00:00:00.000,N,REL11000020003809B,3000.0,0.0,3000.0,839.0,RELLENO 110C20 A 38.0 09B CELDA 291,PUERTAS DEL BOSQUE SPA ,P070,ENCOLADO,PROCESO DE ENCOLADO 20,6.0,5400.0
14004,A,2025-09-02 00:00:00.000,2025-10-15 00:00:00.000,N,REL0950003237.710E,3000.0,,3000.0,1098.0,RELLENO 95C32 37.7 10E CELDA 201,NG MADERAS S.A. ,P011,MULTIPLE,PROCESO MULTIPLE ,10.0,3250.0
14004,A,2025-09-02 00:00:00.000,2025-10-15 00:00:00.000,N,REL0950003237.710E,3000.0,,3000.0,1098.0,RELLENO 95C32 37.7 10E CELDA 201,NG MADERAS S.A. ,P022,OTRO,PROCESO EMBALADO RELLENO,6.0,5400.0
14004,A,2025-09-02 00:00:00.000,2025-10-15 00:00:00.000,N,REL0950003237.710E,3000.0,,3000.0,1098.0,RELLENO 95C32 37.7 10E CELDA 201,NG MADERAS S.A. ,P076,ENCOLADO,PROCESO DE ENCOLADO 32,9.0,3600.0
14014,A,2025-09-09 00:00:00.000,2025-11-04 00:00:00.000,N,TRO047004700201C32,80.0,,80.0,3302.0,TAPA 470*470*200 C32 TRO OCTO,INDUSTRIAS CERESITA S.A. ,,OTRO,,,
14014,A,2025-09-09 00:00:00.000,2025-11-04 00:00:00.000,N,TRO141513150120C30,40.0,,40.0,3232.0,FONDO 445*445*120 C30 TRO OCTO1000,INDUSTRIAS CERESITA S.A. ,P018,TROZADO,PROCESO DE TROZADO,45.0,750.0
14014,A,2025-09-09 00:00:00.000,2025-11-04 00:00:00.000,N,TRO141513150120C30,40.0,,40.0,3232.0,FONDO 445*445*120 C30 TRO OCTO1000,INDUSTRIAS CERESITA S.A. ,P020,OTRO,PROCESO EMBALADO BIN,30.0,1080.0
14014,A,2025-09-09 00:00:00.000,2025-11-04 00:00:00.000,N,TRO141513150120C30,40.0,,40.0,3232.0,FONDO 445*445*120 C30 TRO OCTO1000,INDUSTRIAS CERESITA S.A. ,P023,TROQUELADO,PROCESO TROQUELADO GRANDE,39.0,830.0
14014,A,2025-09-09 00:00:00.000,2025-11-04 00:00:00.000,N,TER023002300050TUB,40.0,,40.0,1230.0,FUNDA 230*230*50 POLIETILENO,INDUSTRIAS CERESITA S.A. ,,OTRO,,,
14014,A,2025-09-09 00:00:00.000,2025-11-04 00:00:00.000,N,EMP093009301150D98,40.0,,40.0,36694.0,BIN 465*465*1150 D98 O3 OCTO 1100,INDUSTRIAS CERESITA S.A. ,P018,TROZADO,PROCESO DE TROZADO,45.0,750.0
14014,A,2025-09-09 00:00:00.000,2025-11-04 00:00:00.000,N,EMP093009301150D98,40.0,,40.0,36694.0,BIN 465*465*1150 D98 O3 OCTO 1100,INDUSTRIAS CERESITA S.A. ,P019,OTRO,PROCESO DE DIMENSIONADO CHICO,10.0,3250.0
14014,A,2025-09-09 00:00:00.000,2025-11-04 00:00:00.000,N,EMP093009301150D98,40.0,,40.0,36694.0,BIN 465*465*1150 D98 O3 OCTO 1100,INDUSTRIAS CERESITA S.A. ,P020,OTRO,PROCESO EMBALADO BIN,30.0,1080.0
14014,A,2025-09-09 00:00:00.000,2025-11-04 00:00:00.000,N,EMP093009301150D98,40.0,,40.0,36694.0,BIN 465*465*1150 D98 O3 OCTO 1100,INDUSTRIAS CERESITA S.A. ,P024,OTRO,PROCESO DE PRENSADO,60.0,1520.0
14014,A,2025-09-09 00:00:00.000,2025-11-04 00:00:00.000,N,EMP093009301150D98,40.0,,40.0,36694.0,BIN 465*465*1150 D98 O3 OCTO 1100,INDUSTRIAS CERESITA S.A. ,P025,OTRO,PROCESO DE DOBLADO,90.0,360.0
14014,A,2025-09-09 00:00:00.000,2025-11-04 00:00:00.000,N,EMP093009301150D98,40.0,,40.0,36694.0,BIN 465*465*1150 D98 O3 OCTO 1100,INDUSTRIAS CERESITA S.A. ,P026,EMPLACADO,PROCESO DE EMPLACADO E3,73.0,450.0
14014,A,2025-09-09 00:00:00.000,2025-11-04 00:00:00.000,N,EMP093009301150D98,40.0,,40.0,36694.0,BIN 465*465*1150 D98 O3 OCTO 1100,INDUSTRIAS CERESITA S.A. ,P027,PEGADO,PROCESO DE PEGADO BIN,45.0,720.0
14014,A,2025-09-09 00:00:00.000,2025-11-04 00:00:00.000,N,EMP093009301150D98,40.0,,40.0,36694.0,BIN 465*465*1150 D98 O3 OCTO 1100,INDUSTRIAS CERESITA S.A. ,P030,IMPRESION,PROCESO DE IMPRESION 3,180.0,200.0
14014,A,2025-09-09 00:00:00.000,2025-11-04 00:00:00.000,N,EMP093009301150D98,40.0,,40.0,36694.0,BIN 465*465*1150 D98 O3 OCTO 1100,INDUSTRIAS CERESITA S.A. ,P059,OTRO,PROCESO SACABOCADO 1,60.0,300.0
14014,A,2025-09-09 00:00:00.000,2025-11-04 00:00:00.000,N,TER115011500110PLL,40.0,,40.0,13899.0,PALLET MADERA 1150*1150*110,INDUSTRIAS CERESITA S.A. ,,OTRO,,,
14016,A,2025-09-09 00:00:00.000,2025-11-04 00:00:00.000,N,TER285021600006BOL,40.0,,40.0,20270.0,BOLSA ABIERTA CON 1 VALVULA 2 PULG,INDUSTRIAS CERESITA S.A. ,,OTRO,,,
14031,A,2025-09-22 00:00:00.000,2025-10-24 00:00:00.000,N,REL0950001839.509B,5000.0,,5000.0,669.0,RELLENO 95C18 39.5 09B CELDA 287,COMERCIAL IGAL LTDA. ,P011,MULTIPLE,PROCESO MULTIPLE ,10.0,3250.0
14031,A,2025-09-22 00:00:00.000,2025-10-24 00:00:00.000,N,REL0950001839.509B,5000.0,,5000.0,669.0,RELLENO 95C18 39.5 09B CELDA 287,COMERCIAL IGAL LTDA. ,P022,OTRO,PROCESO EMBALADO RELLENO,6.0,5400.0
14031,A,2025-09-22 00:00:00.000,2025-10-24 00:00:00.000,N,REL0950001839.509B,5000.0,,5000.0,669.0,RELLENO 95C18 39.5 09B CELDA 287,COMERCIAL IGAL LTDA. ,P082,ENCOLADO,PROCESO DE ENCOLADO 18,5.0,6400.0
14031,A,2025-09-22 00:00:00.000,2025-10-24 00:00:00.000,N,REL1100001839.509B,2000.0,,2000.0,774.0,RELLENO 110C18 39.5 09B CELDA 337,COMERCIAL IGAL LTDA. ,P011,MULTIPLE,PROCESO MULTIPLE ,10.0,3250.0
14031,A,2025-09-22 00:00:00.000,2025-10-24 00:00:00.000,N,REL1100001839.509B,2000.0,,2000.0,774.0,RELLENO 110C18 39.5 09B CELDA 337,COMERCIAL IGAL LTDA. ,P022,OTRO,PROCESO EMBALADO RELLENO,6.0,5400.0
14031,A,2025-09-22 00:00:00.000,2025-10-24 00:00:00.000,N,REL1100001839.509B,2000.0,,2000.0,774.0,RELLENO 110C18 39.5 09B CELDA 337,COMERCIAL IGAL LTDA. ,P082,ENCOLADO,PROCESO DE ENCOLADO 18,5.0,6400.0
14034,A,2025-09-24 00:00:00.000,2025-10-14 00:00:00.000,N,REL11000030026510E,5000.0,,5000.0,1147.0,RELLENO 110C30 26.5 10E CELDA 239,MAFOR S.A. ,P011,MULTIPLE,PROCESO MULTIPLE ,10.0,3250.0
14034,A,2025-09-24 00:00:00.000,2025-10-14 00:00:00.000,N,REL11000030026510E,5000.0,,5000.0,1147.0,RELLENO 110C30 26.5 10E CELDA 239,MAFOR S.A. ,P013,ENCOLADO,PROCESO DE ENCOLADO 30,7.0,4630.0
14034,A,2025-09-24 00:00:00.000,2025-10-14 00:00:00.000,N,REL11000030026510E,5000.0,,5000.0,1147.0,RELLENO 110C30 26.5 10E CELDA 239,MAFOR S.A. ,P022,OTRO,PROCESO EMBALADO RELLENO,6.0,5400.0
14034,A,2025-09-24 00:00:00.000,2025-10-14 00:00:00.000,N,REL11000030026510E,5000.0,,5000.0,1147.0,RELLENO 110C30 26.5 10E CELDA 239,MAFOR S.A. ,P024,OTRO,PROCESO DE PRENSADO,60.0,1520.0
14035,A,2025-09-24 00:00:00.000,2025-11-05 00:00:00.000,N,"REL0950002536,509B",5000.0,,5000.0,865.0,RELLENO 95C25 36.5 09B CELDA 256,MAFOR S.A. ,P008,ENCOLADO,PROCESO DE ENCOLADO 25,6.0,5400.0
14035,A,2025-09-24 00:00:00.000,2025-11-05 00:00:00.000,N,"REL0950002536,509B",5000.0,,5000.0,865.0,RELLENO 95C25 36.5 09B CELDA 256,MAFOR S.A. ,P011,MULTIPLE,PROCESO MULTIPLE ,10.0,3250.0
14035,A,2025-09-24 00:00:00.000,2025-11-05 00:00:00.000,N,"REL0950002536,509B",5000.0,,5000.0,865.0,RELLENO 95C25 36.5 09B CELDA 256,MAFOR S.A. ,P022,OTRO,PROCESO EMBALADO RELLENO,6.0,5400.0
14035,A,2025-09-24 00:00:00.000,2025-11-05 00:00:00.000,N,"REL110003036,510E ",5000.0,,5000.0,1147.0,RELLENO 110C30 36.5 10E CELDA 239,MAFOR S.A. ,P011,MULTIPLE,PROCESO MULTIPLE ,10.0,3250.0
14035,A,2025-09-24 00:00:00.000,2025-11-05 00:00:00.000,N,"REL110003036,510E ",5000.0,,5000.0,1147.0,RELLENO 110C30 36.5 10E CELDA 239,MAFOR S.A. ,P013,ENCOLADO,PROCESO DE ENCOLADO 30,7.0,4630.0
14035,A,2025-09-24 00:00:00.000,2025-11-05 00:00:00.000,N,"REL110003036,510E ",5000.0,,5000.0,1147.0,RELLENO 110C30 36.5 10E CELDA 239,MAFOR S.A. ,P022,OTRO,PROCESO EMBALADO RELLENO,6.0,5400.0
14042,A,2025-09-30 00:00:00.000,2025-10-07 00:00:00.000,N,EMP094009401001D92,230.0,,230.0,15989.0,BIN 940*940*1000 D92 B2,MINERA MERIDIAN LTDA ,P016,EMPLACADO,PROCESO DE EMPLACADO E2,87.0,380.0
14042,A,2025-09-30 00:00:00.000,2025-10-07 00:00:00.000,N,EMP094009401001D92,230.0,,230.0,15989.0,BIN 940*940*1000 D92 B2,MINERA MERIDIAN LTDA ,P018,TROZADO,PROCESO DE TROZADO,45.0,750.0
14042,A,2025-09-30 00:00:00.000,2025-10-07 00:00:00.000,N,EMP094009401001D92,230.0,,230.0,15989.0,BIN 940*940*1000 D92 B2,MINERA MERIDIAN LTDA ,P020,OTRO,PROCESO EMBALADO BIN,30.0,1080.0
14042,A,2025-09-30 00:00:00.000,2025-10-07 00:00:00.000,N,EMP094009401001D92,230.0,,230.0,15989.0,BIN 940*940*1000 D92 B2,MINERA MERIDIAN LTDA ,P025,OTRO,PROCESO DE DOBLADO,90.0,360.0
14042,A,2025-09-30 00:00:00.000,2025-10-07 00:00:00.000,N,EMP094009401001D92,230.0,,230.0,15989.0,BIN 940*940*1000 D92 B2,MINERA MERIDIAN LTDA ,P027,PEGADO,PROCESO DE PEGADO BIN,45.0,720.0
14042,A,2025-09-30 00:00:00.000,2025-10-07 00:00:00.000,N,EMP094009401001D92,230.0,,230.0,15989.0,BIN 940*940*1000 D92 B2,MINERA MERIDIAN LTDA ,P064,OTRO,PROCESO DE DIMENSIONADO GRANDE,40.0,850.0
14042,A,2025-09-30 00:00:00.000,2025-10-07 00:00:00.000,N,TRO140012000101C20,460.0,,460.0,2196.0,TAPA 985*985*100 C20 AA TRO,MINERA MERIDIAN LTDA ,P018,TROZADO,PROCESO DE TROZADO,45.0,750.0
14042,A,2025-09-30 00:00:00.000,2025-10-07 00:00:00.000,N,TRO140012000101C20,460.0,,460.0,2196.0,TAPA 985*985*100 C20 AA TRO,MINERA MERIDIAN LTDA ,P023,TROQUELADO,PROCESO TROQUELADO GRANDE,39.0,830.0
14042,A,2025-09-30 00:00:00.000,2025-10-07 00:00:00.000,N,TRO140012000101C20,460.0,,460.0,2196.0,TAPA 985*985*100 C20 AA TRO,MINERA MERIDIAN LTDA ,P033,OTRO,PROCESO EMBALADO TROQUELADO,3.0,10800.0
14046,A,2025-10-01 00:00:00.000,2025-10-29 00:00:00.000,N,REL0950002137.509B,500.0,,500.0,913.0,RELLENO 95C21 37.5 09B CELDA 287,SALGADO PUERTAS SPA ,P009,ENCOLADO,PROCESO DE ENCOLADO 21,6.0,5400.0
14046,A,2025-10-01 00:00:00.000,2025-10-29 00:00:00.000,N,REL0950002137.509B,500.0,,500.0,913.0,RELLENO 95C21 37.5 09B CELDA 287,SALGADO PUERTAS SPA ,P011,MULTIPLE,PROCESO MULTIPLE ,10.0,3250.0
14046,A,2025-10-01 00:00:00.000,2025-10-29 00:00:00.000,N,REL0950002137.509B,500.0,,500.0,913.0,RELLENO 95C21 37.5 09B CELDA 287,SALGADO PUERTAS SPA ,P022,OTRO,PROCESO EMBALADO RELLENO,6.0,5400.0
14052,A,2025-10-06 00:00:00.000,2025-10-22 00:00:00.000,N,EMP094009401001D92,200.0,,200.0,15989.0,BIN 940*940*1000 D92 B2,MINERA MERIDIAN LTDA ,P016,EMPLACADO,PROCESO DE EMPLACADO E2,87.0,380.0
14052,A,2025-10-06 00:00:00.000,2025-10-22 00:00:00.000,N,EMP094009401001D92,200.0,,200.0,15989.0,BIN 940*940*1000 D92 B2,MINERA MERIDIAN LTDA ,P018,TROZADO,PROCESO DE TROZADO,45.0,750.0
14052,A,2025-10-06 00:00:00.000,2025-10-22 00:00:00.000,N,EMP094009401001D92,200.0,,200.0,15989.0,BIN 940*940*1000 D92 B2,MINERA MERIDIAN LTDA ,P020,OTRO,PROCESO EMBALADO BIN,30.0,1080.0
14052,A,2025-10-06 00:00:00.000,2025-10-22 00:00:00.000,N,EMP094009401001D92,200.0,,200.0,15989.0,BIN 940*940*1000 D92 B2,MINERA MERIDIAN LTDA ,P025,OTRO,PROCESO DE DOBLADO,90.0,360.0
14052,A,2025-10-06 00:00:00.000,2025-10-22 00:00:00.000,N,EMP094009401001D92,200.0,,200.0,15989.0,BIN 940*940*1000 D92 B2,MINERA MERIDIAN LTDA ,P027,PEGADO,PROCESO DE PEGADO BIN,45.0,720.0
14052,A,2025-10-06 00:00:00.000,2025-10-22 00:00:00.000,N,EMP094009401001D92,200.0,,200.0,15989.0,BIN 940*940*1000 D92 B2,MINERA MERIDIAN LTDA ,P064,OTRO,PROCESO DE DIMENSIONADO GRANDE,40.0,850.0
14052,A,2025-10-06 00:00:00.000,2025-10-22 00:00:00.000,N,TRO140012000101C20,400.0,,400.0,2196.0,TAPA 985*985*100 C20 AA TRO,MINERA MERIDIAN LTDA ,P018,TROZADO,PROCESO DE TROZADO,45.0,750.0
14052,A,2025-10-06 00:00:00.000,2025-10-22 00:00:00.000,N,TRO140012000101C20,400.0,,400.0,2196.0,TAPA 985*985*100 C20 AA TRO,MINERA MERIDIAN LTDA ,P023,TROQUELADO,PROCESO TROQUELADO GRANDE,39.0,830.0
14052,A,2025-10-06 00:00:00.000,2025-10-22 00:00:00.000,N,TRO140012000101C20,400.0,,400.0,2196.0,TAPA 985*985*100 C20 AA TRO,MINERA MERIDIAN LTDA ,P033,OTRO,PROCESO EMBALADO TROQUELADO,3.0,10800.0
14054,A,2025-10-13 00:00:00.000,2025-10-22 00:00:00.000,N,REL1100002132.509B,400.0,,400.0,860.0,RELLENO 110C21 32.5 09B CELDA 291,IND. LAHSEN LTDA. ,P009,ENCOLADO,PROCESO DE ENCOLADO 21,6.0,5400.0
14054,A,2025-10-13 00:00:00.000,2025-10-22 00:00:00.000,N,REL1100002132.509B,400.0,,400.0,860.0,RELLENO 110C21 32.5 09B CELDA 291,IND. LAHSEN LTDA. ,P011,MULTIPLE,PROCESO MULTIPLE ,10.0,3250.0
14054,A,2025-10-13 00:00:00.000,2025-10-22 00:00:00.000,N,REL1100002132.509B,400.0,,400.0,860.0,RELLENO 110C21 32.5 09B CELDA 291,IND. LAHSEN LTDA. ,P022,OTRO,PROCESO EMBALADO RELLENO,6.0,5400.0
14054,A,2025-10-13 00:00:00.000,2025-10-22 00:00:00.000,N,REL1100002138.509B,700.0,,700.0,1019.0,RELLENO 110C21 38.5 09B CELDA 291,IND. LAHSEN LTDA. ,P007,OTRO,PROCESO AMARRADO,10.0,3250.0
14054,A,2025-10-13 00:00:00.000,2025-10-22 00:00:00.000,N,REL1100002138.509B,700.0,,700.0,1019.0,RELLENO 110C21 38.5 09B CELDA 291,IND. LAHSEN LTDA. ,P009,ENCOLADO,PROCESO DE ENCOLADO 21,6.0,5400.0
14054,A,2025-10-13 00:00:00.000,2025-10-22 00:00:00.000,N,REL1100002138.509B,700.0,,700.0,1019.0,RELLENO 110C21 38.5 09B CELDA 291,IND. LAHSEN LTDA. ,P011,MULTIPLE,PROCESO MULTIPLE ,10.0,3250.0
14054,A,2025-10-13 00:00:00.000,2025-10-22 00:00:00.000,N,REL1100002138.509B,700.0,,700.0,1019.0,RELLENO 110C21 38.5 09B CELDA 291,IND. LAHSEN LTDA. ,P022,OTRO,PROCESO EMBALADO RELLENO,6.0,5400.0
14055,A,2025-10-07 00:00:00.000,2025-10-22 00:00:00.000,N,REL0950002138.509B,800.0,,800.0,788.0,RELLENO 95C21 38.5 09B CELDA 287,FCA. DE PUERTAS TERCIADAS Y MOLD. FINGER GEMA PAVEZ E.I.R.L ,P009,ENCOLADO,PROCESO DE ENCOLADO 21,6.0,5400.0
14055,A,2025-10-07 00:00:00.000,2025-10-22 00:00:00.000,N,REL0950002138.509B,800.0,,800.0,788.0,RELLENO 95C21 38.5 09B CELDA 287,FCA. DE PUERTAS TERCIADAS Y MOLD. FINGER GEMA PAVEZ E.I.R.L ,P011,MULTIPLE,PROCESO MULTIPLE ,10.0,3250.0
14055,A,2025-10-07 00:00:00.000,2025-10-22 00:00:00.000,N,REL0950002138.509B,800.0,,800.0,788.0,RELLENO 95C21 38.5 09B CELDA 287,FCA. DE PUERTAS TERCIADAS Y MOLD. FINGER GEMA PAVEZ E.I.R.L ,P022,OTRO,PROCESO EMBALADO RELLENO,6.0,5400.0
14056,A,2025-10-08 00:00:00.000,2025-10-23 00:00:00.000,N,REL09500030003310E,500.0,,500.0,1096.0,RELLENO 95C30 33.0 10E CELDA 240,SOC.INDUSTRIAL Y COMERCIAL SAN RAFAEL SPA ,P007,OTRO,PROCESO AMARRADO,10.0,3250.0
14056,A,2025-10-08 00:00:00.000,2025-10-23 00:00:00.000,N,REL09500030003310E,500.0,,500.0,1096.0,RELLENO 95C30 33.0 10E CELDA 240,SOC.INDUSTRIAL Y COMERCIAL SAN RAFAEL SPA ,P011,MULTIPLE,PROCESO MULTIPLE ,10.0,3250.0
14056,A,2025-10-08 00:00:00.000,2025-10-23 00:00:00.000,N,REL09500030003310E,500.0,,500.0,1096.0,RELLENO 95C30 33.0 10E CELDA 240,SOC.INDUSTRIAL Y COMERCIAL SAN RAFAEL SPA ,P013,ENCOLADO,PROCESO DE ENCOLADO 30,7.0,4630.0
14056,A,2025-10-08 00:00:00.000,2025-10-23 00:00:00.000,N,REL09500030003310E,500.0,,500.0,1096.0,RELLENO 95C30 33.0 10E CELDA 240,SOC.INDUSTRIAL Y COMERCIAL SAN RAFAEL SPA ,P022,OTRO,PROCESO EMBALADO RELLENO,6.0,5400.0
14057,A,2025-10-08 00:00:00.000,2025-10-16 00:00:00.000,N,CAJ023002300235D92,100.0,,100.0,1412.0,CAJA 230*230*235 D92 NO,MASTER DG ,P001,PLIZADO,PROCESO DE PLIZADO NORMAL ,30.0,1100.0
14057,A,2025-10-08 00:00:00.000,2025-10-16 00:00:00.000,N,CAJ023002300235D92,100.0,,100.0,1412.0,CAJA 230*230*235 D92 NO,MASTER DG ,P006,PEGADO,PROCESO PEGADO NORMAL,60.0,540.0
14057,A,2025-10-08 00:00:00.000,2025-10-16 00:00:00.000,N,CAJ023002300235D92,100.0,,100.0,1412.0,CAJA 230*230*235 D92 NO,MASTER DG ,P018,TROZADO,PROCESO DE TROZADO,45.0,750.0
14057,A,2025-10-08 00:00:00.000,2025-10-16 00:00:00.000,N,CAJ023002300235D92,100.0,,100.0,1412.0,CAJA 230*230*235 D92 NO,MASTER DG ,P021,OTRO,PROCESO EMBALADO CAJAS,20.0,1620.0
14057,A,2025-10-08 00:00:00.000,2025-10-16 00:00:00.000,N,CAJ023002300235D92,100.0,,100.0,1412.0,CAJA 230*230*235 D92 NO,MASTER DG ,P051,OTRO,PROCESO DE AJUSTE 100,1.0,1.0
14059,A,2025-10-10 00:00:00.000,2025-10-30 00:00:00.000,N,REL1100002139.709B,2070.0,,2070.0,915.0,RELLENO 110C21 A 39.7 09B CELDA 291,FORESTAL SANTA ROSA CHILE SPA ,P009,ENCOLADO,PROCESO DE ENCOLADO 21,6.0,5400.0
14059,A,2025-10-10 00:00:00.000,2025-10-30 00:00:00.000,N,REL1100002139.709B,2070.0,,2070.0,915.0,RELLENO 110C21 A 39.7 09B CELDA 291,FORESTAL SANTA ROSA CHILE SPA ,P011,MULTIPLE,PROCESO MULTIPLE ,10.0,3250.0
14059,A,2025-10-10 00:00:00.000,2025-10-30 00:00:00.000,N,REL1100002139.709B,2070.0,,2070.0,915.0,RELLENO 110C21 A 39.7 09B CELDA 291,FORESTAL SANTA ROSA CHILE SPA ,P022,OTRO,PROCESO EMBALADO RELLENO,6.0,5400.0
14059,A,2025-10-10 00:00:00.000,2025-10-30 00:00:00.000,N,REL1100002139.709B,2070.0,,2070.0,915.0,RELLENO 110C21 A 39.7 09B CELDA 291,FORESTAL SANTA ROSA CHILE SPA ,P043,OTRO,PROCESO PRENSADO MANUAL,5.0,6500.0
14059,A,2025-10-10 00:00:00.000,2025-10-30 00:00:00.000,N,REL0950002137.709B,1760.0,,1760.0,751.0,RELLENO 95C21 37.7 09B CELDA 287,FORESTAL SANTA ROSA CHILE SPA ,P007,OTRO,PROCESO AMARRADO,10.0,3250.0
14059,A,2025-10-10 00:00:00.000,2025-10-30 00:00:00.000,N,REL0950002137.709B,1760.0,,1760.0,751.0,RELLENO 95C21 37.7 09B CELDA 287,FORESTAL SANTA ROSA CHILE SPA ,P009,ENCOLADO,PROCESO DE ENCOLADO 21,6.0,5400.0
14059,A,2025-10-10 00:00:00.000,2025-10-30 00:00:00.000,N,REL0950002137.709B,1760.0,,1760.0,751.0,RELLENO 95C21 37.7 09B CELDA 287,FORESTAL SANTA ROSA CHILE SPA ,P011,MULTIPLE,PROCESO MULTIPLE ,10.0,3250.0
14059,A,2025-10-10 00:00:00.000,2025-10-30 00:00:00.000,N,REL0950002137.709B,1760.0,,1760.0,751.0,RELLENO 95C21 37.7 09B CELDA 287,FORESTAL SANTA ROSA CHILE SPA ,P022,OTRO,PROCESO EMBALADO RELLENO,6.0,5400.0
14060,A,2025-10-10 00:00:00.000,2025-11-05 00:00:00.000,N,REL1100002137.709B,1990.0,,1990.0,869.0,RELLENO 110C21 37.7 09B CELDA 291,FORESTAL SANTA ROSA CHILE SPA ,P009,ENCOLADO,PROCESO DE ENCOLADO 21,6.0,5400.0
14060,A,2025-10-10 00:00:00.000,2025-11-05 00:00:00.000,N,REL1100002137.709B,1990.0,,1990.0,869.0,RELLENO 110C21 37.7 09B CELDA 291,FORESTAL SANTA ROSA CHILE SPA ,P011,MULTIPLE,PROCESO MULTIPLE ,10.0,3250.0
14060,A,2025-10-10 00:00:00.000,2025-11-05 00:00:00.000,N,REL1100002137.709B,1990.0,,1990.0,869.0,RELLENO 110C21 37.7 09B CELDA 291,FORESTAL SANTA ROSA CHILE SPA ,P022,OTRO,PROCESO EMBALADO RELLENO,6.0,5400.0
14063,A,2025-10-13 00:00:00.000,2025-10-30 00:00:00.000,N,CAJ115009500980D92,20.0,,20.0,8906.0,PERIMETRAL 1150*950*980 D92 D92 TU EXT. BIN PLIZ.,COM. Y PRODUCTORA DE INSUMOS ECOFOS LTDA ,P005,PEGADO,PROCESO PEGADO BIPARTIDO,92.0,360.0
14063,A,2025-10-13 00:00:00.000,2025-10-30 00:00:00.000,N,CAJ115009500980D92,20.0,,20.0,8906.0,PERIMETRAL 1150*950*980 D92 D92 TU EXT. BIN PLIZ.,COM. Y PRODUCTORA DE INSUMOS ECOFOS LTDA ,P018,TROZADO,PROCESO DE TROZADO,45.0,750.0
14063,A,2025-10-13 00:00:00.000,2025-10-30 00:00:00.000,N,CAJ115009500980D92,20.0,,20.0,8906.0,PERIMETRAL 1150*950*980 D92 D92 TU EXT. BIN PLIZ.,COM. Y PRODUCTORA DE INSUMOS ECOFOS LTDA ,P020,OTRO,PROCESO EMBALADO BIN,30.0,1080.0
14063,A,2025-10-13 00:00:00.000,2025-10-30 00:00:00.000,N,CAJ115009500980D92,20.0,,20.0,8906.0,PERIMETRAL 1150*950*980 D92 D92 TU EXT. BIN PLIZ.,COM. Y PRODUCTORA DE INSUMOS ECOFOS LTDA ,P039,PEGADO,PROCESO PEGADO SUPLE GRANDE,180.0,180.0
14063,A,2025-10-13 00:00:00.000,2025-10-30 00:00:00.000,N,CAJ115009500980D92,20.0,,20.0,8906.0,PERIMETRAL 1150*950*980 D92 D92 TU EXT. BIN PLIZ.,COM. Y PRODUCTORA DE INSUMOS ECOFOS LTDA ,P053,OTRO,PROCESO DE AJUSTE 300,1.0,1.0
14063,A,2025-10-13 00:00:00.000,2025-10-30 00:00:00.000,N,CAJ115009500980D92,20.0,,20.0,8906.0,PERIMETRAL 1150*950*980 D92 D92 TU EXT. BIN PLIZ.,COM. Y PRODUCTORA DE INSUMOS ECOFOS LTDA ,P058,PLIZADO,PROCESO DE PLIZADO BIPARTIDA,60.0,550.0
14064,A,2025-10-13 00:00:00.000,2025-10-29 00:00:00.000,N,REL0950002139.709B,5000.0,,5000.0,788.0,RELLENO 95C21 39.7 09B CELDA 287,FABRICA DE PUERTAS Y MOLDURAS MOLDECOR LTDA. ,P009,ENCOLADO,PROCESO DE ENCOLADO 21,6.0,5400.0
14064,A,2025-10-13 00:00:00.000,2025-10-29 00:00:00.000,N,REL0950002139.709B,5000.0,,5000.0,788.0,RELLENO 95C21 39.7 09B CELDA 287,FABRICA DE PUERTAS Y MOLDURAS MOLDECOR LTDA. ,P011,MULTIPLE,PROCESO MULTIPLE ,10.0,3250.0
14064,A,2025-10-13 00:00:00.000,2025-10-29 00:00:00.000,N,REL0950002139.709B,5000.0,,5000.0,788.0,RELLENO 95C21 39.7 09B CELDA 287,FABRICA DE PUERTAS Y MOLDURAS MOLDECOR LTDA. ,P022,OTRO,PROCESO EMBALADO RELLENO,6.0,5400.0
14064,A,2025-10-13 00:00:00.000,2025-10-29 00:00:00.000,N,REL1100002139.509B,5000.0,,5000.0,912.0,RELLENO 110C21 39.5 09B CELDA 291,FABRICA DE PUERTAS Y MOLDURAS MOLDECOR LTDA. ,P009,ENCOLADO,PROCESO DE ENCOLADO 21,6.0,5400.0
14064,A,2025-10-13 00:00:00.000,2025-10-29 00:00:00.000,N,REL1100002139.509B,5000.0,,5000.0,912.0,RELLENO 110C21 39.5 09B CELDA 291,FABRICA DE PUERTAS Y MOLDURAS MOLDECOR LTDA. ,P011,MULTIPLE,PROCESO MULTIPLE ,10.0,3250.0
14064,A,2025-10-13 00:00:00.000,2025-10-29 00:00:00.000,N,REL1100002139.509B,5000.0,,5000.0,912.0,RELLENO 110C21 39.5 09B CELDA 291,FABRICA DE PUERTAS Y MOLDURAS MOLDECOR LTDA. ,P022,OTRO,PROCESO EMBALADO RELLENO,6.0,5400.0
14065,A,2025-10-14 00:00:00.000,2025-10-29 00:00:00.000,N,REL09500027003709B,4800.0,,4800.0,983.0,RELLENO 95C27 37.0 09B CELDA 249,COMERCIALIZADORA DE PRODUCTOS DE MADERA SP SPA ,P011,MULTIPLE,PROCESO MULTIPLE ,10.0,3250.0
14065,A,2025-10-14 00:00:00.000,2025-10-29 00:00:00.000,N,REL09500027003709B,4800.0,,4800.0,983.0,RELLENO 95C27 37.0 09B CELDA 249,COMERCIALIZADORA DE PRODUCTOS DE MADERA SP SPA ,P022,OTRO,PROCESO EMBALADO RELLENO,6.0,5400.0
14065,A,2025-10-14 00:00:00.000,2025-10-29 00:00:00.000,N,REL09500027003709B,4800.0,,4800.0,983.0,RELLENO 95C27 37.0 09B CELDA 249,COMERCIALIZADORA DE PRODUCTOS DE MADERA SP SPA ,P032,ENCOLADO,PROCESO ENCOLADO 27,5.0,6480.0
14065,A,2025-10-14 00:00:00.000,2025-10-29 00:00:00.000,N,REL09500027003709B,4800.0,,4800.0,983.0,RELLENO 95C27 37.0 09B CELDA 249,COMERCIALIZADORA DE PRODUCTOS DE MADERA SP SPA ,P043,OTRO,PROCESO PRENSADO MANUAL,5.0,6500.0
14066,A,2025-10-15 00:00:00.000,2025-10-29 00:00:00.000,N,REL1100002538.509B,350.0,,350.0,1239.0,RELLENO 110C25 38.5 09B CELDA 249,COMERCIAL E INDUSTRIAL GREEN DOORS LTDA. ,P007,OTRO,PROCESO AMARRADO,10.0,3250.0
14066,A,2025-10-15 00:00:00.000,2025-10-29 00:00:00.000,N,REL1100002538.509B,350.0,,350.0,1239.0,RELLENO 110C25 38.5 09B CELDA 249,COMERCIAL E INDUSTRIAL GREEN DOORS LTDA. ,P008,ENCOLADO,PROCESO DE ENCOLADO 25,6.0,5400.0
14066,A,2025-10-15 00:00:00.000,2025-10-29 00:00:00.000,N,REL1100002538.509B,350.0,,350.0,1239.0,RELLENO 110C25 38.5 09B CELDA 249,COMERCIAL E INDUSTRIAL GREEN DOORS LTDA. ,P011,MULTIPLE,PROCESO MULTIPLE ,10.0,3250.0
14066,A,2025-10-15 00:00:00.000,2025-10-29 00:00:00.000,N,REL1100002538.509B,350.0,,350.0,1239.0,RELLENO 110C25 38.5 09B CELDA 249,COMERCIAL E INDUSTRIAL GREEN DOORS LTDA. ,P022,OTRO,PROCESO EMBALADO RELLENO,6.0,5400.0
14066,A,2025-10-15 00:00:00.000,2025-10-29 00:00:00.000,N,REL1100002538.509B,350.0,,350.0,1239.0,RELLENO 110C25 38.5 09B CELDA 249,COMERCIAL E INDUSTRIAL GREEN DOORS LTDA. ,P043,OTRO,PROCESO PRENSADO MANUAL,5.0,6500.0
14067,A,2025-10-15 00:00:00.000,2025-11-05 00:00:00.000,N,CAJ171001851180D92,150.0,,150.0,17589.0,CAJA 1710*185*1180 D92 TR,DHL SUPPLY CHAIN (CHILE) S.A. ,P001,PLIZADO,PROCESO DE PLIZADO NORMAL ,30.0,1100.0
14067,A,2025-10-15 00:00:00.000,2025-11-05 00:00:00.000,N,CAJ171001851180D92,150.0,,150.0,17589.0,CAJA 1710*185*1180 D92 TR,DHL SUPPLY CHAIN (CHILE) S.A. ,P004,CALADO,PROCESO CALADO BIPARTIDAS,46.0,710.0
14067,A,2025-10-15 00:00:00.000,2025-11-05 00:00:00.000,N,CAJ171001851180D92,150.0,,150.0,17589.0,CAJA 1710*185*1180 D92 TR,DHL SUPPLY CHAIN (CHILE) S.A. ,P005,PEGADO,PROCESO PEGADO BIPARTIDO,92.0,360.0
14067,A,2025-10-15 00:00:00.000,2025-11-05 00:00:00.000,N,CAJ171001851180D92,150.0,,150.0,17589.0,CAJA 1710*185*1180 D92 TR,DHL SUPPLY CHAIN (CHILE) S.A. ,P021,OTRO,PROCESO EMBALADO CAJAS,20.0,1620.0
14067,A,2025-10-15 00:00:00.000,2025-11-05 00:00:00.000,N,CAJ171001851180D92,150.0,,150.0,17589.0,CAJA 1710*185*1180 D92 TR,DHL SUPPLY CHAIN (CHILE) S.A. ,P028,IMPRESION,PROCESO DE IMPRESION 2,120.0,300.0
14068,A,2025-10-16 00:00:00.000,2025-10-28 00:00:00.000,N,CAJ156004300390D94,66.0,,66.0,11735.0,CAJA 1560*430*390 D94 NO,BELLTECH AUTOSERVICIOS S.A. ,P004,CALADO,PROCESO CALADO BIPARTIDAS,46.0,710.0
14068,A,2025-10-16 00:00:00.000,2025-10-28 00:00:00.000,N,CAJ156004300390D94,66.0,,66.0,11735.0,CAJA 1560*430*390 D94 NO,BELLTECH AUTOSERVICIOS S.A. ,P005,PEGADO,PROCESO PEGADO BIPARTIDO,92.0,360.0
14068,A,2025-10-16 00:00:00.000,2025-10-28 00:00:00.000,N,CAJ156004300390D94,66.0,,66.0,11735.0,CAJA 1560*430*390 D94 NO,BELLTECH AUTOSERVICIOS S.A. ,P018,TROZADO,PROCESO DE TROZADO,45.0,750.0
14068,A,2025-10-16 00:00:00.000,2025-10-28 00:00:00.000,N,CAJ156004300390D94,66.0,,66.0,11735.0,CAJA 1560*430*390 D94 NO,BELLTECH AUTOSERVICIOS S.A. ,P021,OTRO,PROCESO EMBALADO CAJAS,20.0,1620.0
14068,A,2025-10-16 00:00:00.000,2025-10-28 00:00:00.000,N,CAJ156004300390D94,66.0,,66.0,11735.0,CAJA 1560*430*390 D94 NO,BELLTECH AUTOSERVICIOS S.A. ,P028,IMPRESION,PROCESO DE IMPRESION 2,120.0,300.0
14068,A,2025-10-16 00:00:00.000,2025-10-28 00:00:00.000,N,CAJ156004300390D94,66.0,,66.0,11735.0,CAJA 1560*430*390 D94 NO,BELLTECH AUTOSERVICIOS S.A. ,P058,PLIZADO,PROCESO DE PLIZADO BIPARTIDA,60.0,550.0
14068,A,2025-10-16 00:00:00.000,2025-10-28 00:00:00.000,N,CUB10000340007012C,132.0,,132.0,3529.0,CUBIERTA 1000*340*70 12C C1,BELLTECH AUTOSERVICIOS S.A. ,P017,EMPLACADO,PROCESO DE EMPLACADO C1,54.0,600.0
14068,A,2025-10-16 00:00:00.000,2025-10-28 00:00:00.000,N,CUB10000340007012C,132.0,,132.0,3529.0,CUBIERTA 1000*340*70 12C C1,BELLTECH AUTOSERVICIOS S.A. ,P018,TROZADO,PROCESO DE TROZADO,45.0,750.0
14068,A,2025-10-16 00:00:00.000,2025-10-28 00:00:00.000,N,CUB10000340007012C,132.0,,132.0,3529.0,CUBIERTA 1000*340*70 12C C1,BELLTECH AUTOSERVICIOS S.A. ,P040,OTRO,PROCESO DE EMBALADO CUBIERTA,15.0,2160.0
14068,A,2025-10-16 00:00:00.000,2025-10-28 00:00:00.000,N,CUB10000340007012C,132.0,,132.0,3529.0,CUBIERTA 1000*340*70 12C C1,BELLTECH AUTOSERVICIOS S.A. ,P051,OTRO,PROCESO DE AJUSTE 100,1.0,1.0
14068,A,2025-10-16 00:00:00.000,2025-10-28 00:00:00.000,N,CUB05200340003012C,132.0,,132.0,947.0,CUBIERTA 520*340*30 12C C1,BELLTECH AUTOSERVICIOS S.A. ,P017,EMPLACADO,PROCESO DE EMPLACADO C1,54.0,600.0
14068,A,2025-10-16 00:00:00.000,2025-10-28 00:00:00.000,N,CUB05200340003012C,132.0,,132.0,947.0,CUBIERTA 520*340*30 12C C1,BELLTECH AUTOSERVICIOS S.A. ,P018,TROZADO,PROCESO DE TROZADO,45.0,750.0
14068,A,2025-10-16 00:00:00.000,2025-10-28 00:00:00.000,N,CUB05200340003012C,132.0,,132.0,947.0,CUBIERTA 520*340*30 12C C1,BELLTECH AUTOSERVICIOS S.A. ,P040,OTRO,PROCESO DE EMBALADO CUBIERTA,15.0,2160.0
14068,A,2025-10-16 00:00:00.000,2025-10-28 00:00:00.000,N,CUB15200420003012C,132.0,,132.0,2226.0,CUBIERTA 1520*420*30 12C C1,BELLTECH AUTOSERVICIOS S.A. ,P017,EMPLACADO,PROCESO DE EMPLACADO C1,54.0,600.0
14068,A,2025-10-16 00:00:00.000,2025-10-28 00:00:00.000,N,CUB15200420003012C,132.0,,132.0,2226.0,CUBIERTA 1520*420*30 12C C1,BELLTECH AUTOSERVICIOS S.A. ,P018,TROZADO,PROCESO DE TROZADO,45.0,750.0
14068,A,2025-10-16 00:00:00.000,2025-10-28 00:00:00.000,N,CUB15200420003012C,132.0,,132.0,2226.0,CUBIERTA 1520*420*30 12C C1,BELLTECH AUTOSERVICIOS S.A. ,P040,OTRO,PROCESO DE EMBALADO CUBIERTA,15.0,2160.0
14068,A,2025-10-16 00:00:00.000,2025-10-28 00:00:00.000,N,SEP034012690003C20,66.0,,66.0,907.0,PROTEC PANTALLA 340*1269 C20 SEP 3 PLIZ.,BELLTECH AUTOSERVICIOS S.A. ,P001,PLIZADO,PROCESO DE PLIZADO NORMAL ,30.0,1100.0
14068,A,2025-10-16 00:00:00.000,2025-10-28 00:00:00.000,N,SEP034012690003C20,66.0,,66.0,907.0,PROTEC PANTALLA 340*1269 C20 SEP 3 PLIZ.,BELLTECH AUTOSERVICIOS S.A. ,P018,TROZADO,PROCESO DE TROZADO,45.0,750.0
14068,A,2025-10-16 00:00:00.000,2025-10-28 00:00:00.000,N,SEP034012690003C20,66.0,,66.0,907.0,PROTEC PANTALLA 340*1269 C20 SEP 3 PLIZ.,BELLTECH AUTOSERVICIOS S.A. ,P083,OTRO,PROCESO EMBALADO PRODUCTO TERMINADO,10.0,3300.0
14068,A,2025-10-16 00:00:00.000,2025-10-28 00:00:00.000,N,SEP042003800007D94,132.0,,132.0,404.0,PROTECTOR 420*380 D94 SEP,BELLTECH AUTOSERVICIOS S.A. ,P018,TROZADO,PROCESO DE TROZADO,45.0,750.0
14068,A,2025-10-16 00:00:00.000,2025-10-28 00:00:00.000,N,SEP042003800007D94,132.0,,132.0,404.0,PROTECTOR 420*380 D94 SEP,BELLTECH AUTOSERVICIOS S.A. ,P083,OTRO,PROCESO EMBALADO PRODUCTO TERMINADO,10.0,3300.0
14068,A,2025-10-16 00:00:00.000,2025-10-28 00:00:00.000,N,CUB11500420007012C,66.0,,66.0,3432.0,CUBIERTA 1150*420*70 12C C1.,BELLTECH AUTOSERVICIOS S.A. ,P017,EMPLACADO,PROCESO DE EMPLACADO C1,54.0,600.0
14068,A,2025-10-16 00:00:00.000,2025-10-28 00:00:00.000,N,CUB11500420007012C,66.0,,66.0,3432.0,CUBIERTA 1150*420*70 12C C1.,BELLTECH AUTOSERVICIOS S.A. ,P018,TROZADO,PROCESO DE TROZADO,45.0,750.0
14068,A,2025-10-16 00:00:00.000,2025-10-28 00:00:00.000,N,CUB11500420007012C,66.0,,66.0,3432.0,CUBIERTA 1150*420*70 12C C1.,BELLTECH AUTOSERVICIOS S.A. ,P040,OTRO,PROCESO DE EMBALADO CUBIERTA,15.0,2160.0
14068,A,2025-10-16 00:00:00.000,2025-10-28 00:00:00.000,N,CUB15200420007012C,66.0,,66.0,4170.0,CUBIERTA 1520*420*70 12C C1.,BELLTECH AUTOSERVICIOS S.A. ,P017,EMPLACADO,PROCESO DE EMPLACADO C1,54.0,600.0
14068,A,2025-10-16 00:00:00.000,2025-10-28 00:00:00.000,N,CUB15200420007012C,66.0,,66.0,4170.0,CUBIERTA 1520*420*70 12C C1.,BELLTECH AUTOSERVICIOS S.A. ,P018,TROZADO,PROCESO DE TROZADO,45.0,750.0
14068,A,2025-10-16 00:00:00.000,2025-10-28 00:00:00.000,N,CUB15200420007012C,66.0,,66.0,4170.0,CUBIERTA 1520*420*70 12C C1.,BELLTECH AUTOSERVICIOS S.A. ,P040,OTRO,PROCESO DE EMBALADO CUBIERTA,15.0,2160.0
14069,A,2025-10-16 00:00:00.000,2025-10-28 00:00:00.000,N,CAJ077504150315D94,25.0,,25.0,6257.0,CAJA 775*415*315 D94 NO,BELLTECH AUTOSERVICIOS S.A. ,P001,PLIZADO,PROCESO DE PLIZADO NORMAL ,30.0,1100.0
14069,A,2025-10-16 00:00:00.000,2025-10-28 00:00:00.000,N,CAJ077504150315D94,25.0,,25.0,6257.0,CAJA 775*415*315 D94 NO,BELLTECH AUTOSERVICIOS S.A. ,P003,CALADO,PROCESO CALADO NORMAL,30.0,1080.0
14069,A,2025-10-16 00:00:00.000,2025-10-28 00:00:00.000,N,CAJ077504150315D94,25.0,,25.0,6257.0,CAJA 775*415*315 D94 NO,BELLTECH AUTOSERVICIOS S.A. ,P006,PEGADO,PROCESO PEGADO NORMAL,60.0,540.0
14069,A,2025-10-16 00:00:00.000,2025-10-28 00:00:00.000,N,CAJ077504150315D94,25.0,,25.0,6257.0,CAJA 775*415*315 D94 NO,BELLTECH AUTOSERVICIOS S.A. ,P018,TROZADO,PROCESO DE TROZADO,45.0,750.0
14069,A,2025-10-16 00:00:00.000,2025-10-28 00:00:00.000,N,CAJ077504150315D94,25.0,,25.0,6257.0,CAJA 775*415*315 D94 NO,BELLTECH AUTOSERVICIOS S.A. ,P021,OTRO,PROCESO EMBALADO CAJAS,20.0,1620.0
14069,A,2025-10-16 00:00:00.000,2025-10-28 00:00:00.000,N,CAJ077504150315D94,25.0,,25.0,6257.0,CAJA 775*415*315 D94 NO,BELLTECH AUTOSERVICIOS S.A. ,P028,IMPRESION,PROCESO DE IMPRESION 2,120.0,300.0
14069,A,2025-10-16 00:00:00.000,2025-10-28 00:00:00.000,N,SEP040503050007D94,50.0,,50.0,356.0,PROTECTOR 405*305 D94 SEP,BELLTECH AUTOSERVICIOS S.A. ,P018,TROZADO,PROCESO DE TROZADO,45.0,750.0
14069,A,2025-10-16 00:00:00.000,2025-10-28 00:00:00.000,N,SEP040503050007D94,50.0,,50.0,356.0,PROTECTOR 405*305 D94 SEP,BELLTECH AUTOSERVICIOS S.A. ,P083,OTRO,PROCESO EMBALADO PRODUCTO TERMINADO,10.0,3300.0
14069,A,2025-10-16 00:00:00.000,2025-10-28 00:00:00.000,N,CUB02650210007012C,50.0,,50.0,887.0,CUBIERTA 265*210*70 12C C1,BELLTECH AUTOSERVICIOS S.A. ,P017,EMPLACADO,PROCESO DE EMPLACADO C1,54.0,600.0
14069,A,2025-10-16 00:00:00.000,2025-10-28 00:00:00.000,N,CUB02650210007012C,50.0,,50.0,887.0,CUBIERTA 265*210*70 12C C1,BELLTECH AUTOSERVICIOS S.A. ,P018,TROZADO,PROCESO DE TROZADO,45.0,750.0
14069,A,2025-10-16 00:00:00.000,2025-10-28 00:00:00.000,N,CUB02650210007012C,50.0,,50.0,887.0,CUBIERTA 265*210*70 12C C1,BELLTECH AUTOSERVICIOS S.A. ,P040,OTRO,PROCESO DE EMBALADO CUBIERTA,15.0,2160.0
14069,A,2025-10-16 00:00:00.000,2025-10-28 00:00:00.000,N,CUB05300265003012C,50.0,,50.0,964.0,CUBIERTA 530*265*30 12C C1,BELLTECH AUTOSERVICIOS S.A. ,P017,EMPLACADO,PROCESO DE EMPLACADO C1,54.0,600.0
14069,A,2025-10-16 00:00:00.000,2025-10-28 00:00:00.000,N,CUB05300265003012C,50.0,,50.0,964.0,CUBIERTA 530*265*30 12C C1,BELLTECH AUTOSERVICIOS S.A. ,P018,TROZADO,PROCESO DE TROZADO,45.0,750.0
14069,A,2025-10-16 00:00:00.000,2025-10-28 00:00:00.000,N,CUB05300265003012C,50.0,,50.0,964.0,CUBIERTA 530*265*30 12C C1,BELLTECH AUTOSERVICIOS S.A. ,P040,OTRO,PROCESO DE EMBALADO CUBIERTA,15.0,2160.0
14069,A,2025-10-16 00:00:00.000,2025-10-28 00:00:00.000,N,CUB05100340006512C,25.0,,25.0,1752.0,CUBIERTA 510*340*65 12C C1,BELLTECH AUTOSERVICIOS S.A. ,P017,EMPLACADO,PROCESO DE EMPLACADO C1,54.0,600.0
14069,A,2025-10-16 00:00:00.000,2025-10-28 00:00:00.000,N,CUB05100340006512C,25.0,,25.0,1752.0,CUBIERTA 510*340*65 12C C1,BELLTECH AUTOSERVICIOS S.A. ,P018,TROZADO,PROCESO DE TROZADO,45.0,750.0
14069,A,2025-10-16 00:00:00.000,2025-10-28 00:00:00.000,N,CUB05100340006512C,25.0,,25.0,1752.0,CUBIERTA 510*340*65 12C C1,BELLTECH AUTOSERVICIOS S.A. ,P040,OTRO,PROCESO DE EMBALADO CUBIERTA,15.0,2160.0
14069,A,2025-10-16 00:00:00.000,2025-10-28 00:00:00.000,N,CUB07400400003012C,50.0,,50.0,1293.0,CUBIERTA 740*400*30 12C C1,BELLTECH AUTOSERVICIOS S.A. ,P017,EMPLACADO,PROCESO DE EMPLACADO C1,54.0,600.0
14069,A,2025-10-16 00:00:00.000,2025-10-28 00:00:00.000,N,CUB07400400003012C,50.0,,50.0,1293.0,CUBIERTA 740*400*30 12C C1,BELLTECH AUTOSERVICIOS S.A. ,P018,TROZADO,PROCESO DE TROZADO,45.0,750.0
14069,A,2025-10-16 00:00:00.000,2025-10-28 00:00:00.000,N,CUB07400400003012C,50.0,,50.0,1293.0,CUBIERTA 740*400*30 12C C1,BELLTECH AUTOSERVICIOS S.A. ,P040,OTRO,PROCESO DE EMBALADO CUBIERTA,15.0,2160.0
14069,A,2025-10-16 00:00:00.000,2025-10-28 00:00:00.000,N,SEP034011820003C20,25.0,,25.0,907.0,PROTEC PANTALLA 340*1182 C20 SEP 3 PLIZ.,BELLTECH AUTOSERVICIOS S.A. ,P001,PLIZADO,PROCESO DE PLIZADO NORMAL ,30.0,1100.0
14069,A,2025-10-16 00:00:00.000,2025-10-28 00:00:00.000,N,SEP034011820003C20,25.0,,25.0,907.0,PROTEC PANTALLA 340*1182 C20 SEP 3 PLIZ.,BELLTECH AUTOSERVICIOS S.A. ,P018,TROZADO,PROCESO DE TROZADO,45.0,750.0
14069,A,2025-10-16 00:00:00.000,2025-10-28 00:00:00.000,N,SEP034011820003C20,25.0,,25.0,907.0,PROTEC PANTALLA 340*1182 C20 SEP 3 PLIZ.,BELLTECH AUTOSERVICIOS S.A. ,P083,OTRO,PROCESO EMBALADO PRODUCTO TERMINADO,10.0,3300.0
14071,A,2025-10-17 00:00:00.000,2025-10-28 00:00:00.000,N,EMP050001200014D92,4000.0,,4000.0,454.0,SEPARADOR 500*120 D92 E2,PLASKOLITE SUD S.A. ,P016,EMPLACADO,PROCESO DE EMPLACADO E2,87.0,380.0
14071,A,2025-10-17 00:00:00.000,2025-10-28 00:00:00.000,N,EMP050001200014D92,4000.0,,4000.0,454.0,SEPARADOR 500*120 D92 E2,PLASKOLITE SUD S.A. ,P018,TROZADO,PROCESO DE TROZADO,45.0,750.0
14071,A,2025-10-17 00:00:00.000,2025-10-28 00:00:00.000,N,EMP050001200014D92,4000.0,,4000.0,454.0,SEPARADOR 500*120 D92 E2,PLASKOLITE SUD S.A. ,P040,OTRO,PROCESO DE EMBALADO CUBIERTA,15.0,2160.0
14071,A,2025-10-17 00:00:00.000,2025-10-28 00:00:00.000,N,EMP050001200014D92,4000.0,,4000.0,454.0,SEPARADOR 500*120 D92 E2,PLASKOLITE SUD S.A. ,P068,OTRO,PROCESO DE DIMENSIONADO ,20.0,1600.0
14071,A,2025-10-17 00:00:00.000,2025-10-28 00:00:00.000,N,EMP090001200014D92,3000.0,,3000.0,520.0,SEPARADOR 900*120 D92 E2.,PLASKOLITE SUD S.A. ,P016,EMPLACADO,PROCESO DE EMPLACADO E2,87.0,380.0
14071,A,2025-10-17 00:00:00.000,2025-10-28 00:00:00.000,N,EMP090001200014D92,3000.0,,3000.0,520.0,SEPARADOR 900*120 D92 E2.,PLASKOLITE SUD S.A. ,P018,TROZADO,PROCESO DE TROZADO,45.0,750.0
14071,A,2025-10-17 00:00:00.000,2025-10-28 00:00:00.000,N,EMP090001200014D92,3000.0,,3000.0,520.0,SEPARADOR 900*120 D92 E2.,PLASKOLITE SUD S.A. ,P040,OTRO,PROCESO DE EMBALADO CUBIERTA,15.0,2160.0
14071,A,2025-10-17 00:00:00.000,2025-10-28 00:00:00.000,N,EMP090001200014D92,3000.0,,3000.0,520.0,SEPARADOR 900*120 D92 E2.,PLASKOLITE SUD S.A. ,P068,OTRO,PROCESO DE DIMENSIONADO ,20.0,1600.0
14072,A,2025-10-17 00:00:00.000,2025-10-30 00:00:00.000,N,TRO047004700201C32,120.0,,120.0,3647.0,TAPA 470*470*200 C32 TRO OCTO,TEAM FOODS CHILE SPA ,,OTRO,,,
14072,A,2025-10-17 00:00:00.000,2025-10-30 00:00:00.000,N,TRO141513150120C30,60.0,,60.0,3574.0,FONDO 445*445*120 C30 TRO OCTO1000,TEAM FOODS CHILE SPA ,P018,TROZADO,PROCESO DE TROZADO,45.0,750.0
14072,A,2025-10-17 00:00:00.000,2025-10-30 00:00:00.000,N,TRO141513150120C30,60.0,,60.0,3574.0,FONDO 445*445*120 C30 TRO OCTO1000,TEAM FOODS CHILE SPA ,P020,OTRO,PROCESO EMBALADO BIN,30.0,1080.0
14072,A,2025-10-17 00:00:00.000,2025-10-30 00:00:00.000,N,TRO141513150120C30,60.0,,60.0,3574.0,FONDO 445*445*120 C30 TRO OCTO1000,TEAM FOODS CHILE SPA ,P023,TROQUELADO,PROCESO TROQUELADO GRANDE,39.0,830.0
14072,A,2025-10-17 00:00:00.000,2025-10-30 00:00:00.000,N,TER023002300050TUB,60.0,,60.0,1310.0,FUNDA 230*230*50 POLIETILENO,TEAM FOODS CHILE SPA ,,OTRO,,,
14072,A,2025-10-17 00:00:00.000,2025-10-30 00:00:00.000,N,EMP093009301025D99,60.0,,60.0,38660.0,BIN 465*465*465*1025 D99 O3 OCTO1000.,TEAM FOODS CHILE SPA ,P018,TROZADO,PROCESO DE TROZADO,45.0,750.0
14072,A,2025-10-17 00:00:00.000,2025-10-30 00:00:00.000,N,EMP093009301025D99,60.0,,60.0,38660.0,BIN 465*465*465*1025 D99 O3 OCTO1000.,TEAM FOODS CHILE SPA ,P020,OTRO,PROCESO EMBALADO BIN,30.0,1080.0
14072,A,2025-10-17 00:00:00.000,2025-10-30 00:00:00.000,N,EMP093009301025D99,60.0,,60.0,38660.0,BIN 465*465*465*1025 D99 O3 OCTO1000.,TEAM FOODS CHILE SPA ,P024,OTRO,PROCESO DE PRENSADO,60.0,1520.0
14072,A,2025-10-17 00:00:00.000,2025-10-30 00:00:00.000,N,EMP093009301025D99,60.0,,60.0,38660.0,BIN 465*465*465*1025 D99 O3 OCTO1000.,TEAM FOODS CHILE SPA ,P025,OTRO,PROCESO DE DOBLADO,90.0,360.0
14072,A,2025-10-17 00:00:00.000,2025-10-30 00:00:00.000,N,EMP093009301025D99,60.0,,60.0,38660.0,BIN 465*465*465*1025 D99 O3 OCTO1000.,TEAM FOODS CHILE SPA ,P026,EMPLACADO,PROCESO DE EMPLACADO E3,73.0,450.0
14072,A,2025-10-17 00:00:00.000,2025-10-30 00:00:00.000,N,EMP093009301025D99,60.0,,60.0,38660.0,BIN 465*465*465*1025 D99 O3 OCTO1000.,TEAM FOODS CHILE SPA ,P027,PEGADO,PROCESO DE PEGADO BIN,45.0,720.0
14072,A,2025-10-17 00:00:00.000,2025-10-30 00:00:00.000,N,EMP093009301025D99,60.0,,60.0,38660.0,BIN 465*465*465*1025 D99 O3 OCTO1000.,TEAM FOODS CHILE SPA ,P038,IMPRESION,PROCESO IMPRESION 4,240.0,150.0
14072,A,2025-10-17 00:00:00.000,2025-10-30 00:00:00.000,N,EMP093009301025D99,60.0,,60.0,38660.0,BIN 465*465*465*1025 D99 O3 OCTO1000.,TEAM FOODS CHILE SPA ,P064,OTRO,PROCESO DE DIMENSIONADO GRANDE,40.0,850.0
14072,A,2025-10-17 00:00:00.000,2025-10-30 00:00:00.000,N,TER215021500006BOL,60.0,,60.0,16405.0,BOLSA CON 2 VALVULAS DE 2 PULG.,TEAM FOODS CHILE SPA ,,OTRO,,,
